mah_id,il,ilce,mahalle_adi,risk_score_pred,risk_class_5_pred,risk_label_pred,risk_proba_c1,risk_proba_c2,risk_proba_c3,risk_proba_c4,risk_proba_c5,vs30,population,building_count
100000,Ankara,Mamak,Subaşı Mahallesi,0.1811,1,Low,0.9662,0.0253,0.0039,0.0035,0.0011,493.76,17924,1466
100001,Ankara,Yenimahalle,Akçaali Mahallesi,0.152,1,Very Low,0.9766,0.0155,0.0019,0.0057,0.0004,504.0,100,198
100002,Ankara,Yenimahalle,Akkoyunlu Mahallesi,0.2015,1,Low,0.7175,0.1179,0.1214,0.04,0.0032,417.97,100,83
100003,Ankara,Yenimahalle,Davdanlı Mahallesi,0.2213,1,Low,0.9214,0.0505,0.0085,0.0151,0.0044,393.17,14267,1365
100004,Ankara,Çankaya,Kayadibi Mahallesi,0.2206,1,Low,0.7845,0.1429,0.042,0.0105,0.0202,441.86,23153,2080
100005,Ankara,Yenimahalle,Süleymanlı Mahallesi,0.3284,1,High,0.6941,0.1434,0.083,0.0409,0.0387,545.22,24187,2174
100151,Ankara,Yenimahalle,Tekke Mahallesi,0.1794,1,Very Low,0.9296,0.0448,0.0113,0.0113,0.0029,413.44,9248,621
100007,Ankara,Mamak,Gökler,0.2969,1,Medium,0.662,0.1147,0.0738,0.0686,0.081,293.24,28142,2286
100008,Ankara,Çankaya,Aydıncık Mahallesi,0.1586,1,Very Low,0.9793,0.0122,0.0038,0.0042,0.0005,460.65,100,10
100009,Ankara,Çankaya,Baraj Mahallesi,0.1913,1,Low,0.9166,0.0503,0.0139,0.0118,0.0074,539.6,21794,1634
100010,Ankara,Çankaya,Beşikkaya Mahallesi,0.2139,1,Low,0.9133,0.0498,0.0131,0.0225,0.0013,398.62,100,103
100011,Ankara,Çankaya,Feridun Çelik Mahallesi,0.139,1,Very Low,0.9548,0.0325,0.0073,0.0045,0.0009,533.32,100,246
100012,Ankara,Çankaya,Gicik Mahallesi,0.1424,1,Very Low,0.9852,0.0097,0.0022,0.0024,0.0005,501.18,1514,10
100766,Ankara,Çankaya,Karacaören Mahallesi,0.2058,1,Low,0.9475,0.0349,0.0073,0.0078,0.0025,437.46,20587,1394
100014,Ankara,Yenimahalle,Karapürçek Mahallesi,0.1662,1,Very Low,0.9336,0.0441,0.0084,0.0126,0.0014,427.33,257,10
100531,Ankara,Çankaya,Kavaklı Mahallesi,0.1924,1,Low,0.9339,0.0569,0.0051,0.0029,0.0011,532.78,10931,740
100686,Ankara,Çankaya,Peçenek Mahallesi,0.2692,1,Medium,0.8437,0.0719,0.0304,0.0316,0.0223,381.83,25677,1721
100017,Ankara,Çankaya,Tatlar Mahallesi,0.1673,1,Very Low,0.9636,0.026,0.0039,0.0046,0.002,549.16,100,10
100018,Ankara,Yenimahalle,Hacettepe Mahallesi,0.2177,1,Low,0.89,0.0633,0.0228,0.0219,0.002,407.58,5547,128
100019,Ankara,Çankaya,Hacı Bayram Mahallesi,0.126,1,Very Low,0.9911,0.0055,0.0012,0.0018,0.0003,531.35,100,10
100583,Ankara,Yenimahalle,Kale Mahallesi,0.1849,1,Low,0.9464,0.043,0.0037,0.0053,0.0017,508.58,17243,1607
100021,Ankara,Çankaya,Zübeyde Hanım Mahallesi,0.1828,1,Low,0.962,0.0185,0.0052,0.0093,0.005,583.93,32248,2439
100022,Ankara,Mamak,Boyalık Mahallesi,0.1861,1,Low,0.9524,0.0397,0.0037,0.0029,0.0013,509.05,16087,1202
100023,Ankara,Mamak,Dikilitaş Mahallesi,0.2015,1,Low,0.9558,0.0291,0.0068,0.0066,0.0017,441.22,18586,1508
100024,Ankara,Mamak,İkizce Mahallesi,0.2965,1,Medium,0.6763,0.1025,0.0691,0.0987,0.0534,345.64,36539,3257
100025,Ankara,Yenimahalle,Beştepe Mahallesi,0.1566,1,Very Low,0.9792,0.0147,0.003,0.0027,0.0005,479.5,537,10
100358,Ankara,Keçiören,Ata Mahallesi,0.3069,1,High,0.5328,0.1333,0.0729,0.1185,0.1426,266.26,21496,1666
100027,Ankara,Çankaya,Aşağıemirler Mahallesi,0.2103,1,Low,0.8665,0.104,0.0162,0.0097,0.0035,468.04,20468,1625
100778,Ankara,Çankaya,Cumhuriyet Mahallesi,0.2857,1,Medium,0.7765,0.0998,0.0561,0.0559,0.0117,311.42,12748,1008
100029,Ankara,Yenimahalle,Selametli Şehit Emrah Mahallesi,0.1985,1,Low,0.9528,0.0303,0.0077,0.0067,0.0025,449.97,20600,1690
100030,Ankara,Yenimahalle,Bezirhane Mahallesi,0.1999,1,Low,0.9051,0.0724,0.0098,0.0103,0.0024,427.11,11461,964
100031,Ankara,Çankaya,Gümüşdere Mahallesi,0.2407,1,Medium,0.5303,0.3125,0.1076,0.0228,0.0267,526.03,31790,2672
100032,Ankara,Çankaya,Kavacık Subayevleri Mahallesi,0.1546,1,Very Low,0.9799,0.0103,0.0036,0.0058,0.0005,438.08,100,10
100033,Ankara,Çankaya,Hasköy Mahallesi,0.2178,1,Low,0.9123,0.0548,0.0142,0.0067,0.012,446.97,26155,1891
100034,Ankara,Çankaya,Şefkat Mahallesi,0.2312,1,Medium,0.5684,0.3618,0.0328,0.0337,0.0032,420.82,9985,625
100427,Ankara,Çankaya,Kalaba Mahallesi,0.1827,1,Low,0.8846,0.0493,0.01,0.0157,0.0404,562.05,32420,2814
100036,Ankara,Çankaya,Güçlükaya Mahallesi,0.1752,1,Very Low,0.9332,0.0518,0.008,0.006,0.001,443.09,734,10
100037,Ankara,Çankaya,Bağlarbaşı Mahallesi,0.229,1,Low,0.8783,0.0321,0.0353,0.0405,0.0138,427.69,42615,3754
100124,Ankara,Çankaya,Yakacık Mahallesi,0.1805,1,Low,0.913,0.0535,0.0172,0.0054,0.0109,568.16,23480,1823
100039,Ankara,Çankaya,Tepebaşı Mahallesi,0.2485,1,Medium,0.8895,0.0499,0.0277,0.0301,0.0029,353.09,12698,1208
100040,Ankara,Çankaya,Çiçekli Mahallesi,0.1446,1,Very Low,0.9657,0.0292,0.0017,0.0032,0.0003,623.44,100,61
100041,Ankara,Çankaya,Karargahtepe Mahallesi,0.1943,1,Low,0.9715,0.0201,0.0037,0.0035,0.0012,476.97,18981,1541
100042,Ankara,Çankaya,Basınevleri Mahallesi,0.2754,1,Medium,0.6312,0.1317,0.0851,0.1009,0.0512,320.38,18539,1751
100043,Ankara,Çankaya,Emrah Mahallesi,0.1902,1,Low,0.95,0.0339,0.005,0.0067,0.0044,504.79,15691,1263
100044,Ankara,Çankaya,Aşağı Eğlence Mahallesi,0.1624,1,Very Low,0.9783,0.0172,0.002,0.002,0.0005,504.84,5352,276
100045,Ankara,Çankaya,İncirli Mahallesi,0.1416,1,Very Low,0.9788,0.0146,0.0029,0.003,0.0007,512.95,5772,370
100046,Ankara,Çankaya,19 Mayıs Mahallesi,0.2338,1,Medium,0.6745,0.2981,0.011,0.012,0.0043,442.12,13766,1675
100047,Ankara,Çankaya,Kuşcağız Mahallesi,0.1551,1,Very Low,0.9904,0.0061,0.0011,0.0017,0.0007,608.56,10206,1006
100169,Ankara,Çankaya,Pınarbaşı Mahallesi,0.2085,1,Low,0.9434,0.0344,0.009,0.0113,0.0019,429.72,11580,774
100049,Ankara,Çankaya,Şenlik Mahallesi,0.1606,1,Very Low,0.9391,0.0502,0.0057,0.0042,0.0008,454.48,884,40
100050,Ankara,Çankaya,Atapark Mahallesi,0.1687,1,Very Low,0.9406,0.0268,0.0189,0.0121,0.0016,438.95,2018,189
100051,Ankara,Çankaya,Ufuktepe Mahallesi,0.157,1,Very Low,0.9834,0.0128,0.002,0.0015,0.0003,483.9,6633,538
100052,Ankara,Çankaya,Osmangazi Mahallesi,0.1593,1,Very Low,0.9384,0.0501,0.008,0.0026,0.0009,497.6,8232,611
100053,Ankara,Çankaya,Kamil Ocak Mahallesi,0.1318,1,Very Low,0.9791,0.0081,0.0018,0.0103,0.0007,534.31,100,10
100054,Ankara,Çankaya,Çaldıran Mahallesi,0.2012,1,Low,0.8892,0.0916,0.0105,0.0051,0.0036,432.36,12894,1104
100417,Ankara,Çankaya,Yeşiltepe Mahallesi,0.2131,1,Low,0.8995,0.0652,0.0161,0.016,0.0031,412.83,17200,1349
100665,Ankara,Çankaya,Yeşilöz Mahallesi,0.1734,1,Very Low,0.8975,0.0468,0.041,0.0133,0.0014,472.58,4883,230
100649,Ankara,Çankaya,Aktepe Mahallesi,0.1735,1,Very Low,0.9463,0.0436,0.005,0.004,0.0011,464.99,100,94
100058,Ankara,Çankaya,Adnan Menderes Mahallesi,0.2859,1,Medium,0.6596,0.1291,0.0808,0.0789,0.0516,359.85,37364,3104
100059,Ankara,Çankaya,Güzelyurt Mahallesi,0.1765,1,Very Low,0.9444,0.038,0.0106,0.0052,0.0018,477.52,13729,877
100060,Ankara,Çankaya,Şenyuva Mahallesi,0.1785,1,Very Low,0.9148,0.0741,0.0048,0.0033,0.0031,522.98,17265,1396
100061,Ankara,Çankaya,23 Nisan Mahallesi,0.1691,1,Very Low,0.9814,0.0131,0.0026,0.0024,0.0005,507.12,2837,445
100062,Ankara,Çankaya,Köşk Mahallesi,0.1257,1,Very Low,0.9903,0.0076,0.0007,0.001,0.0004,550.33,5534,751
100063,Ankara,Çankaya,Uyanış Mahallesi,0.239,1,Medium,0.7813,0.1768,0.0246,0.0139,0.0034,444.37,100,144
100064,Ankara,Çankaya,Bademlik Mahallesi,0.1373,1,Very Low,0.9845,0.0128,0.0012,0.0011,0.0004,540.67,3010,488
100065,Ankara,Çankaya,Kanuni Mahallesi,0.1624,1,Very Low,0.9756,0.0172,0.0031,0.0033,0.0008,487.43,6625,668
100765,Ankara,Çankaya,Karşıyaka Mahallesi,0.1627,1,Very Low,0.9398,0.0529,0.0029,0.0034,0.001,578.09,10044,945
100067,Ankara,Çankaya,Karakaya Mahallesi,0.1802,1,Low,0.9697,0.0166,0.0044,0.0034,0.0059,538.34,25419,2352
100068,Ankara,Çankaya,Kafkas Mahallesi,0.1724,1,Very Low,0.965,0.0245,0.0036,0.0053,0.0016,493.62,100,157
100069,Ankara,Keçiören,Hisar Mahallesi,0.2171,1,Low,0.8805,0.0871,0.0145,0.0054,0.0125,462.51,25510,1920
100432,Ankara,Çankaya,Ovacık Mahallesi,0.1648,1,Very Low,0.9855,0.0096,0.0022,0.0023,0.0004,459.72,1221,481
100071,Ankara,Çankaya,Yükseltepe Mahallesi,0.233,1,Medium,0.9269,0.0406,0.0122,0.0102,0.0099,411.28,23199,1891
100072,Ankara,Çankaya,Esertepe Mahallesi,0.2021,1,Low,0.9133,0.0609,0.009,0.0115,0.0053,493.45,18885,1663
100073,Ankara,Çankaya,Etlik Mahallesi,0.1852,1,Low,0.9423,0.0374,0.0082,0.011,0.0011,415.91,100,121
100074,Ankara,Çankaya,Ayvalı Mahallesi,0.1618,1,Very Low,0.9561,0.0309,0.0053,0.0067,0.0009,454.22,100,10
100722,Ankara,Çankaya,Yayla Mahallesi,0.3128,2,High,0.2515,0.6483,0.0556,0.0338,0.0108,410.95,19086,1712
100076,Ankara,Çankaya,Sancaktepe Mahallesi,0.2296,1,Low,0.6237,0.2776,0.0492,0.0374,0.0122,419.26,16564,1516
100077,Ankara,Keçiören,Şehit Kubilay Mahallesi,0.1593,1,Very Low,0.9738,0.0214,0.0017,0.0021,0.001,634.44,19528,1853
100570,Ankara,Çankaya,Kösrelik Mahallesi,0.2055,1,Low,0.9294,0.0473,0.009,0.0123,0.002,422.32,12549,957
100079,Ankara,Keçiören,Sarıbeyler Mahallesi,0.2043,1,Low,0.9609,0.0232,0.0058,0.0051,0.0051,486.78,21919,1862
100080,Ankara,Keçiören,Çalseki Mahallesi,0.1976,1,Low,0.9598,0.0286,0.0035,0.005,0.0032,524.18,21540,1225
100081,Ankara,Çankaya,Bağlum Güzelyurt Mahallesi,0.2948,2,Medium,0.2463,0.4045,0.1098,0.1207,0.1188,359.94,24493,1942
100082,Ankara,Yenimahalle,Emniyet Mahallesi,0.1589,1,Very Low,0.962,0.0311,0.0035,0.0029,0.0005,457.37,7094,480
100526,Ankara,Çankaya,Gazi Mahallesi,0.1932,1,Low,0.9069,0.0642,0.0108,0.0142,0.0039,454.67,20478,1710
100084,Ankara,Mamak,Macun Mahallesi,0.1638,1,Very Low,0.9791,0.0157,0.0027,0.0016,0.0009,600.34,13370,1187
100085,Ankara,Keçiören,25 Mart Mahallesi,0.2201,1,Low,0.7202,0.0985,0.0208,0.0151,0.1454,475.11,24610,2000
100517,Ankara,Keçiören,Çamlıca Mahallesi,0.2107,1,Low,0.9226,0.0533,0.0086,0.0131,0.0023,436.21,10328,836
100087,Ankara,Çankaya,Gayret Mahallesi,0.2895,1,Medium,0.7075,0.0704,0.1081,0.0453,0.0687,317.89,25721,2450
100088,Ankara,Keçiören,Demetgül Mahallesi,0.1956,1,Low,0.9468,0.0301,0.0102,0.0066,0.0063,490.54,29595,2579
100089,Ankara,Çankaya,Varlık Mahallesi,0.2926,1,Medium,0.3841,0.2402,0.1349,0.1263,0.1146,338.35,24160,1889
100090,Ankara,Çankaya,Işınlar Mahallesi,0.1663,1,Very Low,0.9649,0.0294,0.0026,0.0024,0.0008,539.27,13502,937
100091,Ankara,Keçiören,Demetlale Mahallesi,0.2249,1,Low,0.9179,0.0449,0.017,0.0078,0.0124,437.72,26507,2148
100092,Ankara,Keçiören,Barış Mahallesi,0.1944,1,Low,0.939,0.0434,0.0071,0.0095,0.001,492.91,100,70
100093,Ankara,Çankaya,Ragıp Tüzün Mahallesi,0.197,1,Low,0.9761,0.0165,0.0039,0.0023,0.0013,479.6,15526,1293
100094,Ankara,Çankaya,Yeniçağ Mahallesi,0.1816,1,Low,0.9498,0.0327,0.0061,0.0108,0.0007,415.02,3743,108
100280,Ankara,Çankaya,Yunus Emre Mahallesi,0.1841,1,Low,0.9658,0.0131,0.0031,0.0031,0.0149,651.32,24708,2027
100096,Ankara,Çankaya,Çarşı Mahallesi,0.2679,1,Medium,0.8581,0.0757,0.0272,0.0173,0.0218,388.12,25743,2267
100097,Ankara,Keçiören,Tepealtı Mahallesi,0.1897,1,Low,0.9354,0.0481,0.0067,0.0084,0.0014,411.68,100,10
100520,Ankara,Keçiören,Esentepe Mahallesi,0.242,1,Medium,0.9183,0.0336,0.0159,0.0266,0.0057,321.0,100,177
100099,Ankara,Çankaya,Ergenekon Mahallesi,0.2952,2,Medium,0.3479,0.6008,0.0375,0.0106,0.0032,440.77,12057,1038
100100,Ankara,Keçiören,Anadolu Mahallesi,0.1754,1,Very Low,0.9668,0.0219,0.0058,0.0044,0.0011,450.15,12137,1117
100765,Ankara,Keçiören,Karşıyaka Mahallesi,0.1627,1,Very Low,0.9398,0.0529,0.0029,0.0034,0.001,578.09,10044,945
100102,Ankara,Keçiören,Demetevler Mahallesi,0.1758,1,Very Low,0.9549,0.028,0.0079,0.0084,0.0009,446.63,100,10
100591,Ankara,Keçiören,Mehmet Akif Ersoy Mahallesi,0.2399,1,Medium,0.7329,0.1846,0.0323,0.0471,0.0032,334.65,100,307
100104,Ankara,Keçiören,Özevler Mahallesi,0.3011,1,High,0.6171,0.1538,0.0743,0.0712,0.0836,314.64,26754,2056
100105,Ankara,Keçiören,Yeşilevler Mahallesi,0.2166,1,Low,0.7853,0.1141,0.0527,0.0255,0.0224,499.49,39761,3192
100106,Ankara,Keçiören,Güzelyaka Mahallesi,0.2139,1,Low,0.93,0.042,0.0136,0.012,0.0024,405.72,14508,1118
100107,Ankara,Çankaya,Pamuklar Mahallesi,0.2899,1,Medium,0.6742,0.1601,0.0513,0.0544,0.06,368.12,24490,1889
100108,Ankara,Çankaya,Güventepe Mahallesi,0.2288,1,Low,0.9375,0.0308,0.0092,0.0183,0.0042,402.6,21199,1885
100109,Ankara,Çankaya,Burç Mahallesi,0.2579,1,Medium,0.8687,0.0776,0.0246,0.0261,0.003,373.05,14160,1147
100110,Ankara,Keçiören,Barıştepe Mahallesi,0.1979,1,Low,0.9039,0.0744,0.0111,0.0078,0.0028,448.71,15683,1312
100111,Ankara,Keçiören,Kayalar Mahallesi,0.1853,1,Low,0.9617,0.0268,0.0041,0.0057,0.0017,500.17,18829,1216
100112,Ankara,Keçiören,Çiğdemtepe Mahallesi,0.145,1,Very Low,0.9669,0.027,0.0023,0.0033,0.0005,527.08,100,97
100688,Ankara,Çankaya,Yıldırım Beyazıt Mahallesi,0.2107,1,Low,0.6757,0.2313,0.0669,0.0214,0.0048,433.73,12802,966
100114,Ankara,Keçiören,Aşağı Yahyalar Mahallesi,0.1677,1,Very Low,0.9442,0.037,0.0143,0.0036,0.0009,548.06,3972,367
100115,Ankara,Keçiören,Yukarı Yahyalar Mahallesi,0.3054,1,High,0.5486,0.1432,0.0995,0.1336,0.0752,286.05,23856,2124
100116,Ankara,Keçiören,Kaletepe Mahallesi,0.1369,1,Very Low,0.9884,0.0088,0.001,0.0014,0.0004,524.09,6795,618
100117,Ankara,Keçiören,Avcılar Mahallesi,0.2172,1,Low,0.7882,0.1368,0.0189,0.0516,0.0045,426.14,15642,1273
100118,Ankara,Keçiören,İvedikköy Mahallesi,0.1892,1,Low,0.9573,0.0336,0.0048,0.003,0.0014,478.43,16057,1118
100119,Ankara,Bilinmeyen İlçe,Serhat Mahallesi,0.2141,1,Low,0.8781,0.0688,0.0252,0.0149,0.013,453.14,31021,2530
100120,Ankara,Keçiören,Uğur Mumcu Mahallesi,0.2029,1,Low,0.9504,0.0258,0.007,0.0073,0.0095,472.26,21837,1568
100121,Ankara,Keçiören,Ostim OSB Mahallesi,0.1977,1,Low,0.9132,0.07,0.008,0.0063,0.0025,465.15,17031,1557
100122,Ankara,Keçiören,İlkyerleşim Mahallesi,0.132,1,Very Low,0.9835,0.0132,0.0015,0.0015,0.0003,539.26,2046,185
100123,Ankara,Keçiören,Yuvaköy Mahallesi,0.2297,1,Low,0.8312,0.1198,0.0138,0.0156,0.0196,436.72,15641,1252
100124,Ankara,Keçiören,Yakacık Mahallesi,0.1805,1,Low,0.913,0.0535,0.0172,0.0054,0.0109,568.16,23480,1823
100125,Ankara,Keçiören,Kuzey Yıldızı Mahallesi,0.1399,1,Very Low,0.9505,0.0354,0.0069,0.0065,0.0007,579.65,100,93
100126,Ankara,Keçiören,Memlik Mahallesi,0.1989,1,Low,0.9275,0.0519,0.0085,0.0073,0.0048,466.24,19014,1649
100127,Ankara,Keçiören,Turgut Özal Mahallesi,0.1783,1,Very Low,0.9727,0.015,0.0048,0.0063,0.0012,424.18,10193,401
100128,Ankara,Keçiören,Kardelen Mahallesi,0.1793,1,Very Low,0.9682,0.0208,0.0043,0.0056,0.0012,456.74,10037,1081
100129,Ankara,Keçiören,İnönü Mahallesi,0.1564,1,Very Low,0.9649,0.0267,0.0029,0.005,0.0007,516.89,100,33
100130,Ankara,Keçiören,Kentkoop Mahallesi,0.2968,1,Medium,0.6669,0.1198,0.0776,0.0774,0.0583,322.53,25950,2138
100131,Ankara,Yenimahalle,Şirintepe Mahallesi,0.1865,1,Low,0.9767,0.0135,0.0035,0.0024,0.0038,494.47,23078,1817
100132,Ankara,Yenimahalle,Misket Mahallesi,0.218,1,Low,0.7014,0.166,0.0873,0.0109,0.0343,448.09,23889,2332
100369,Ankara,Keçiören,Malazgirt Mahallesi,0.1554,1,Very Low,0.9724,0.0211,0.0028,0.0031,0.0006,481.46,1601,50
100134,Ankara,Keçiören,Tandoğan Mahallesi,0.1602,1,Very Low,0.98,0.0129,0.0036,0.003,0.0004,480.19,8018,187
100522,Ankara,Keçiören,Fatih Mahallesi,0.1753,1,Very Low,0.9721,0.0169,0.0051,0.0051,0.0007,422.37,7886,461
100495,Ankara,Keçiören,Atatürk Mahallesi,0.182,1,Low,0.8444,0.1431,0.0067,0.0049,0.0009,445.95,1987,146
100137,Ankara,Keçiören,Satıkadın Mahallesi,0.1803,1,Low,0.925,0.0571,0.0096,0.0071,0.0011,470.65,100,10
100138,Ankara,Keçiören,Kanuni Sultan Süleyman Mahallesi,0.152,1,Very Low,0.9773,0.0168,0.0024,0.0028,0.0007,546.8,100,10
100783,Ankara,Keçiören,Örencik Mahallesi,0.1868,1,Low,0.9749,0.0184,0.0022,0.0034,0.0011,490.61,18879,1583
100140,Ankara,Keçiören,Ciğir Mahallesi,0.2488,1,Medium,0.6257,0.3267,0.0207,0.0132,0.0137,483.03,22641,2144
100141,Ankara,Keçiören,Günbaşı Mahallesi,0.1705,1,Very Low,0.9541,0.0299,0.0061,0.0062,0.0038,533.62,21827,1469
100142,Ankara,Keçiören,Kayı Mahallesi,0.2415,1,Medium,0.4764,0.3096,0.1377,0.0719,0.0043,352.23,4000,291
100143,Ankara,Keçiören,Alpagut Mahallesi,0.2188,1,Low,0.9027,0.0658,0.0121,0.0108,0.0086,427.94,18576,1549
100144,Ankara,Keçiören,Güvenç Mahallesi,0.2747,1,Medium,0.6196,0.2633,0.0439,0.0655,0.0077,360.96,14543,1392
100145,Ankara,Keçiören,Yıldırımbeyazıt Mahallesi,0.1924,1,Low,0.9265,0.0464,0.0105,0.0153,0.0012,458.14,100,10
100146,Ankara,Keçiören,Kumpınar Mahallesi,0.3031,2,High,0.1176,0.7747,0.0899,0.0163,0.0015,426.19,100,107
100147,Ankara,Keçiören,Yavuz Sultan Selim Mahallesi,0.1548,1,Very Low,0.9867,0.0081,0.0022,0.0027,0.0004,446.87,2641,394
100148,Ankara,Keçiören,Yassıören Mahallesi,0.1535,1,Very Low,0.9808,0.0148,0.0017,0.0023,0.0004,518.55,100,635
100149,Ankara,Keçiören,Sarıayak Mahallesi,0.1654,1,Very Low,0.9835,0.0121,0.0019,0.0018,0.0007,596.08,9614,1001
100150,Ankara,Keçiören,Soğucak Mahallesi,0.2144,1,Low,0.9166,0.06,0.0074,0.0051,0.0109,498.45,23926,2096
100151,Ankara,Keçiören,Tekke Mahallesi,0.1794,1,Very Low,0.9296,0.0448,0.0113,0.0113,0.0029,413.44,9248,621
100152,Ankara,Keçiören,Dutözü Mahallesi,0.1522,1,Very Low,0.9851,0.0106,0.0018,0.0022,0.0004,504.79,1278,10
100153,Ankara,Keçiören,İçören Mahallesi,0.1646,1,Very Low,0.9746,0.0215,0.0013,0.0021,0.0005,587.24,11497,1158
100154,Ankara,Keçiören,Akçaören Mahallesi,0.2419,1,Medium,0.8537,0.091,0.0261,0.0266,0.0026,343.13,1677,317
100155,Ankara,Keçiören,Aşağıkaraören Mahallesi,0.2263,1,Low,0.9185,0.0521,0.0142,0.014,0.0011,372.73,2738,167
100156,Ankara,Çankaya,Uçarı Mahallesi,0.2136,1,Low,0.8968,0.0646,0.0179,0.0091,0.0117,486.14,32022,2402
100157,Ankara,Keçiören,İnceğiz Mahallesi,0.2192,1,Low,0.8986,0.0558,0.0162,0.0281,0.0013,366.92,100,11
100158,Ankara,Keçiören,Saraç Mahallesi,0.242,1,Medium,0.9066,0.0466,0.0149,0.0101,0.0217,409.39,24160,2333
100159,Ankara,Çankaya,Yayalar Mahallesi,0.1507,1,Very Low,0.99,0.0062,0.0018,0.0017,0.0003,456.92,4237,320
100160,Ankara,Çankaya,Yakupderviş Maallesi,0.1721,1,Very Low,0.9762,0.0172,0.0022,0.0023,0.0022,576.94,18468,1530
100161,Ankara,Keçiören,Ahi Mahallesi,0.1586,1,Very Low,0.9802,0.0125,0.0032,0.0032,0.0009,464.44,100,10
100162,Ankara,Çankaya,Sancar Mahallesi,0.2368,1,Medium,0.8899,0.0406,0.0266,0.0239,0.0189,412.24,33372,2759
100686,Ankara,Çankaya,Peçenek Mahallesi,0.2692,1,Medium,0.8437,0.0719,0.0304,0.0316,0.0223,381.83,25677,1721
100164,Ankara,Keçiören,Kılıçlar Mahallesi,0.1693,1,Very Low,0.9716,0.0192,0.0044,0.0042,0.0007,456.73,100,10
100495,Ankara,Keçiören,Atatürk Mahallesi,0.182,1,Low,0.8444,0.1431,0.0067,0.0049,0.0009,445.95,1987,146
100166,Ankara,Keçiören,Maraşal Çakmak Mahallesi,0.1458,1,Very Low,0.9549,0.0404,0.0024,0.0018,0.0005,563.98,2957,343
100167,Ankara,Keçiören,Andiçen Mahallesi,0.2174,1,Low,0.9062,0.0595,0.0104,0.0211,0.0028,412.2,19659,1384
100168,Ankara,Mamak,Osmanlı Mahallesi,0.1631,1,Very Low,0.983,0.0102,0.0029,0.0033,0.0006,469.46,100,10
100169,Ankara,Keçiören,Pınarbaşı Mahallesi,0.2085,1,Low,0.9434,0.0344,0.009,0.0113,0.0019,429.72,11580,774
100284,Ankara,Mamak,Ertuğrulgazi Mahallesi,0.1475,1,Very Low,0.988,0.0074,0.0019,0.0024,0.0003,494.79,100,269
100171,Ankara,Keçiören,Selçuklu Mahallesi,0.1655,1,Very Low,0.9278,0.0523,0.0104,0.0063,0.0031,529.46,17135,1508
100172,Ankara,Keçiören,Plevne Mahallesi,0.1954,1,Low,0.9559,0.033,0.0051,0.0052,0.0008,391.91,1773,10
100266,Ankara,Keçiören,Akşemsettin Mahallesi,0.2636,3,Medium,0.272,0.2993,0.3442,0.0523,0.0323,448.16,31083,2961
100415,Ankara,Keçiören,İstasyon Mahallesi,0.143,1,Very Low,0.9797,0.0144,0.002,0.0033,0.0005,539.87,100,201
100175,Ankara,Bilinmeyen İlçe,Ahi Evran Mahallesi,0.2039,1,Low,0.9397,0.0468,0.0046,0.0065,0.0025,505.37,20149,1763
100280,Ankara,Keçiören,Yunus Emre Mahallesi,0.1841,1,Low,0.9658,0.0131,0.0031,0.0031,0.0149,651.32,24708,2027
100177,Ankara,Keçiören,Ulubatlı Hasan Mahallesi,0.1736,1,Very Low,0.9507,0.0381,0.005,0.0051,0.0011,469.23,8263,742
100522,Ankara,Keçiören,Fatih Mahallesi,0.1753,1,Very Low,0.9721,0.0169,0.0051,0.0051,0.0007,422.37,7886,461
100179,Ankara,Keçiören,Gökçek Mahallesi,0.1725,1,Very Low,0.8892,0.0901,0.0172,0.0025,0.001,487.28,5708,443
100180,Ankara,Keçiören,Gazi Osmanpaşa Mahallesi,0.177,1,Very Low,0.9805,0.0123,0.0035,0.0027,0.0011,456.43,15913,1316
100181,Ankara,Keçiören,Mevlana Mahallesi,0.1539,1,Very Low,0.9773,0.0143,0.0022,0.0056,0.0006,512.01,100,10
100182,Ankara,Keçiören,Törekent Mahallesi,0.1752,1,Very Low,0.9553,0.0311,0.0035,0.0095,0.0006,494.24,100,193
100382,Ankara,Keçiören,Mustafa Kemal Mahallesi,0.2479,1,Medium,0.9095,0.0373,0.0162,0.0198,0.0172,401.39,23445,2365
100184,Ankara,Keçiören,Menderes Mahallesi,0.2799,1,Medium,0.8023,0.0581,0.0453,0.0575,0.0369,375.98,34399,3142
100185,Ankara,Keçiören,29 Ekim Mahallesi,0.2305,1,Medium,0.8442,0.0912,0.028,0.0192,0.0174,479.2,32629,2918
100186,Ankara,Keçiören,Fevzi Çakmak Mahallesi,0.2418,1,Medium,0.844,0.0513,0.0401,0.0184,0.0462,406.72,25502,2597
100187,Ankara,Keçiören,Çoğlu Mahallesi,0.1798,1,Very Low,0.9116,0.0649,0.0093,0.0131,0.0012,430.93,4165,519
100188,Ankara,Keçiören,Atakent Mahallesi,0.2393,1,Medium,0.8723,0.0913,0.0165,0.0079,0.0119,489.08,21786,1883
100189,Ankara,Keçiören,Topçu Mahallesi,0.1997,1,Low,0.9665,0.0168,0.0047,0.0114,0.0005,384.89,2607,418
100350,Ankara,Mamak,Oğuzlar Mahallesi,0.1761,1,Very Low,0.9623,0.0246,0.0045,0.0079,0.0007,486.2,2460,10
100217,Ankara,Mamak,Ayyıldız Mahallesi,0.209,1,Low,0.8011,0.1037,0.0329,0.01,0.0523,501.07,13250,678
100192,Ankara,Mamak,Ahi Mesut Mahallesi,0.1756,1,Very Low,0.9365,0.0422,0.0106,0.0085,0.0022,516.07,11398,690
100193,Ankara,Keçiören,Elvan Mahallesi,0.2214,1,Low,0.9039,0.055,0.0167,0.0133,0.0111,456.76,22681,1843
100194,Ankara,Mamak,Piyade Mahallesi,0.2814,1,Medium,0.4805,0.2108,0.1907,0.1022,0.0158,327.81,16145,1413
100195,Ankara,Mamak,Süvari Mahallesi,0.1672,1,Very Low,0.9841,0.0073,0.0013,0.0067,0.0006,505.94,10829,914
100196,Ankara,Mamak,Kazım Karabekir Mahallesi,0.1792,1,Very Low,0.9026,0.0843,0.0051,0.0037,0.0043,561.39,8936,621
100415,Ankara,Mamak,İstasyon Mahallesi,0.143,1,Very Low,0.9797,0.0144,0.002,0.0033,0.0005,539.87,100,201
100198,Ankara,Mamak,Alsancak Mahallesi,0.1746,1,Very Low,0.967,0.022,0.0037,0.0029,0.0044,567.63,21703,1870
100199,Ankara,Mamak,Bağlıca Mahallesi,0.2258,1,Low,0.8529,0.0921,0.0346,0.0174,0.0029,399.33,11598,1146
100200,Ankara,Çankaya,Örnek Mahallesi,0.1918,1,Low,0.9703,0.0208,0.0034,0.0045,0.001,482.56,19246,1414
100201,Ankara,Mamak,Ergazi Mahallesi,0.1863,1,Low,0.9281,0.0473,0.0093,0.0076,0.0078,434.24,5342,431
100202,Ankara,Keçiören,Batı Sitesi Mahallesi,0.2014,1,Low,0.9451,0.0289,0.0125,0.0058,0.0078,476.81,26665,2059
100203,Ankara,Keçiören,Yeni Batı Mahallesi,0.1902,1,Low,0.9263,0.0388,0.0177,0.0056,0.0116,513.13,25481,2527
100204,Ankara,Keçiören,Şeker Mahallesi,0.2767,2,Medium,0.2881,0.6115,0.0605,0.0216,0.0183,418.47,19618,1811
100205,Ankara,Keçiören,Şehit Osman Avcı Mahallesi,0.2557,1,Medium,0.6751,0.2645,0.0374,0.006,0.017,488.61,27578,2635
100206,Ankara,Keçiören,Altay Mahallesi,0.1951,2,Low,0.4549,0.4901,0.0449,0.0077,0.0024,477.89,14566,983
100207,Ankara,Keçiören,Göksu Mahallesi,0.1923,1,Low,0.9487,0.0424,0.0049,0.0026,0.0015,480.47,15757,1472
100208,Ankara,Keçiören,Şeyh Şamil Mahallesi,0.1675,1,Very Low,0.9451,0.0389,0.0057,0.009,0.0013,443.7,8685,574
100209,Ankara,Keçiören,Tunahan Mahallesi,0.1731,1,Very Low,0.9351,0.0492,0.0067,0.0082,0.0008,431.27,100,10
100210,Ankara,Keçiören,Güzelkent Mahallesi,0.2201,1,Low,0.869,0.0555,0.0279,0.042,0.0056,432.6,18929,1220
100211,Ankara,Keçiören,Eryaman Mahallesi,0.1758,1,Very Low,0.9338,0.05,0.007,0.0078,0.0014,487.33,100,10
100497,Ankara,Keçiören,Yavuz Selim Mahallesi,0.1831,1,Low,0.9576,0.03,0.0053,0.0063,0.0008,477.17,2819,243
100462,Ankara,Keçiören,Yeşilova Mahallesi,0.2153,1,Low,0.9334,0.0295,0.0156,0.0114,0.0101,486.87,42135,3339
100214,Ankara,Keçiören,Etiler Mahallesi,0.2238,1,Low,0.8388,0.1255,0.0208,0.0135,0.0014,387.36,4182,515
100215,Ankara,Mamak,Erler Mahallesi,0.2208,1,Low,0.8502,0.0937,0.037,0.0148,0.0043,403.52,16765,1335
100216,Ankara,Mamak,30 Ağustos Mahallesi,0.1835,1,Low,0.9334,0.0491,0.0072,0.0079,0.0025,450.21,2763,83
100217,Ankara,Çankaya,Ayyıldız Mahallesi,0.209,1,Low,0.8011,0.1037,0.0329,0.01,0.0523,501.07,13250,678
100218,Ankara,Mamak,Bahçekapı Mahallesi,0.2164,1,Low,0.9405,0.0403,0.0083,0.009,0.0019,404.98,14669,1043
100219,Ankara,Çankaya,Başpınar Mahallesi,0.1671,1,Very Low,0.9556,0.033,0.0053,0.0047,0.0014,460.39,9083,890
100220,Ankara,Çankaya,Doğantepe Mahallesi,0.2472,1,Medium,0.8262,0.0719,0.0629,0.0225,0.0165,400.45,22822,1810
100221,Ankara,Çankaya,Solfasol Mahallesi,0.17,1,Very Low,0.9621,0.0237,0.0069,0.0066,0.0008,451.08,100,68
100222,Ankara,Çankaya,Yıldıztepe Mahallesi,0.1946,1,Low,0.9538,0.032,0.0045,0.0045,0.0053,523.38,23650,1923
100223,Ankara,Çankaya,Güneşevler Mahallesi,0.1804,1,Low,0.9607,0.026,0.0036,0.0086,0.0011,501.81,10568,510
100224,Ankara,Çankaya,Aydınlıkevler Mahallesi,0.1609,1,Very Low,0.9737,0.0196,0.0031,0.0026,0.001,482.77,8542,883
100225,Ankara,Çankaya,Ulubey Mahallesi,0.1501,1,Very Low,0.9835,0.0088,0.0032,0.0041,0.0004,450.43,100,124
100226,Ankara,Çankaya,Önder Mahallesi,0.2721,1,Medium,0.6873,0.1848,0.0469,0.0674,0.0136,323.04,17041,1506
100227,Ankara,Çankaya,Gültepe Mahallesi,0.2111,1,Low,0.8843,0.0686,0.0204,0.0144,0.0122,429.46,27176,2172
100228,Ankara,Çankaya,Atıfbey Mahallesi,0.1605,1,Very Low,0.9764,0.0179,0.0024,0.0026,0.0007,559.07,13504,1135
100229,Ankara,Çankaya,Bostancık Mahallesi,0.2119,1,Low,0.9185,0.0506,0.0146,0.0051,0.0112,480.27,26634,2152
100230,Ankara,Çankaya,Ekin Mahallesi,0.2002,1,Low,0.9269,0.0547,0.0094,0.0069,0.0021,448.76,15567,1230
100231,Ankara,Çankaya,Başak Mahallesi,0.1442,1,Very Low,0.9917,0.0049,0.0011,0.0021,0.0003,501.49,1753,509
100751,Ankara,Yenimahalle,Karaağaç Mahallesi,0.1558,1,Very Low,0.9756,0.0175,0.0032,0.0032,0.0005,457.27,100,217
100233,Ankara,Yenimahalle,Altıağaç Mahallesi,0.2327,1,Medium,0.9253,0.0224,0.019,0.0202,0.013,410.14,33083,2971
100234,Ankara,Yenimahalle,Bahçeleriçi Mahallesi,0.2088,1,Low,0.9338,0.0461,0.0105,0.0086,0.001,385.67,340,10
100235,Ankara,Yenimahalle,Hüseyingazi Mahallesi,0.2573,1,Medium,0.831,0.0791,0.0336,0.0516,0.0047,349.33,10219,844
100236,Ankara,Yenimahalle,Harman Mahallesi,0.2231,1,Low,0.8135,0.0662,0.0315,0.0213,0.0675,418.57,27307,2221
100237,Ankara,Çankaya,Çiğiltepe Mahallesi,0.208,1,Low,0.8094,0.1465,0.0175,0.0244,0.0021,379.31,100,10
100238,Ankara,Çankaya,Altınevler Mahallesi,0.2008,1,Low,0.9189,0.0464,0.0131,0.0106,0.011,486.32,32009,2495
100521,Ankara,Yenimahalle,Gülveren Mahallesi,0.1848,1,Low,0.9455,0.0365,0.0074,0.0098,0.0008,411.48,100,98
100240,Ankara,Yenimahalle,Bahçelerüstü Mahallesi,0.1764,1,Very Low,0.926,0.0537,0.0048,0.0146,0.0009,497.7,100,10
100241,Ankara,Yenimahalle,Erzurum Mahallesi,0.1961,1,Low,0.96,0.0292,0.0039,0.0051,0.0018,509.1,1232,268
100242,Ankara,Yenimahalle,Cebeci Mahallesi,0.1834,1,Low,0.9712,0.0176,0.0033,0.0063,0.0015,491.99,20977,1540
100243,Ankara,Yenimahalle,Abidinpaşa Mahallesi,0.1658,1,Very Low,0.9621,0.0301,0.0038,0.003,0.0011,459.04,8951,681
100244,Ankara,Yenimahalle,Balkiraz Mahallesi,0.2691,1,Medium,0.7545,0.0908,0.0472,0.0922,0.0153,353.13,11556,1536
100245,Ankara,Yenimahalle,Hürel Mahallesi,0.1683,1,Very Low,0.9503,0.0292,0.0107,0.0086,0.0012,494.06,9871,873
100246,Ankara,Yenimahalle,Şafaktepe Mahallesi,0.1586,1,Very Low,0.9625,0.024,0.0085,0.0038,0.0012,507.94,8556,538
100247,Ankara,Yenimahalle,Demirlibahçe Mahallesi,0.2841,1,Medium,0.6433,0.1999,0.0506,0.0688,0.0374,370.11,30042,2185
100248,Ankara,Yenimahalle,Mehtap Mahallesi,0.1598,1,Very Low,0.9499,0.043,0.0033,0.0031,0.0007,527.65,639,10
100249,Ankara,Yenimahalle,Saimekadın Mahallesi,0.2205,1,Low,0.8822,0.0605,0.0183,0.0317,0.0073,426.54,21189,2053
100250,Ankara,Yenimahalle,Kartaltepe Mahallesi,0.1583,1,Very Low,0.9686,0.0221,0.0031,0.0051,0.0012,521.45,100,59
100251,Ankara,Yenimahalle,Çağlayan Mahallesi,0.1669,1,Very Low,0.9678,0.0268,0.0023,0.0026,0.0005,490.78,4565,813
100252,Ankara,Yenimahalle,Tuzluçayır Mahallesi,0.151,1,Very Low,0.9894,0.0074,0.001,0.0019,0.0003,495.65,7652,955
100253,Ankara,Yenimahalle,Aşık Veysel Mahallesi,0.2143,1,Low,0.9055,0.0603,0.0155,0.0169,0.0019,398.11,100,10
100254,Ankara,Yenimahalle,Peyami Safa Mahallesi,0.1547,1,Very Low,0.9848,0.0106,0.0017,0.0021,0.0008,542.52,10374,625
100255,Ankara,Yenimahalle,General Zeki Doğan Mahallesi,0.294,1,Medium,0.4502,0.1564,0.2076,0.0934,0.0925,342.36,24488,2091
100256,Ankara,Yenimahalle,Şahintepe Mahallesi,0.2747,1,Medium,0.6845,0.2119,0.0614,0.0213,0.0208,485.13,37331,2833
100558,Ankara,Yenimahalle,Mutlu Mahallesi,0.2073,1,Low,0.9139,0.0539,0.0161,0.0057,0.0103,477.17,27239,2299
100258,Ankara,Yenimahalle,Kutlu Mahallesi,0.1616,1,Very Low,0.9802,0.0152,0.0023,0.0019,0.0004,505.47,4158,317
100259,Ankara,Yenimahalle,Kazım Orbay Mahallesi,0.1868,1,Low,0.8549,0.0919,0.0322,0.0085,0.0125,529.78,28082,2382
100260,Ankara,Yenimahalle,Türközü Mahallesi,0.1614,1,Very Low,0.9631,0.0237,0.0054,0.0072,0.0006,418.46,100,34
100455,Ankara,Yenimahalle,Akdere Mahallesi,0.2586,1,Medium,0.8175,0.1038,0.0337,0.0404,0.0045,355.14,10400,1198
100262,Ankara,Yenimahalle,Şehit Cengiz Topel Mahallesi,0.1964,1,Low,0.9414,0.0457,0.0052,0.0063,0.0014,457.61,10190,832
100263,Ankara,Yenimahalle,Fahri Korutürk Mahallesi,0.2301,1,Medium,0.8933,0.0629,0.0183,0.0227,0.0027,398.83,12844,1171
100264,Ankara,Yenimahalle,Durali Alıç Mahallesi,0.2136,1,Low,0.7888,0.1491,0.0296,0.0277,0.0049,424.32,18003,1430
100582,Ankara,Yenimahalle,Boğaziçi Mahallesi,0.2085,1,Low,0.6458,0.2039,0.1292,0.0183,0.0028,420.39,2961,330
100266,Ankara,Yenimahalle,Akşemsettin Mahallesi,0.2636,3,Medium,0.272,0.2993,0.3442,0.0523,0.0323,448.16,31083,2961
100267,Ankara,Yenimahalle,Cengizhan Mahallesi,0.2196,1,Low,0.8584,0.0921,0.0188,0.0172,0.0134,496.15,29493,2520
100268,Ankara,Yenimahalle,Dutluk Mahallesi,0.2241,1,Low,0.89,0.0401,0.0102,0.0047,0.055,458.33,24462,1856
100269,Ankara,Yenimahalle,Derbent Mahallesi,0.1772,1,Very Low,0.9504,0.0283,0.009,0.0036,0.0087,549.07,27870,2400
100270,Ankara,Yenimahalle,Araplar Mahallesi,0.233,1,Medium,0.8021,0.0965,0.0458,0.0339,0.0217,458.76,36645,2809
100271,Ankara,Yenimahalle,Dostlar Mahallesi,0.266,1,Medium,0.7963,0.104,0.0504,0.0193,0.0299,395.34,27951,2558
100272,Ankara,Yenimahalle,Köstence Mahallesi,0.1645,1,Very Low,0.9717,0.0201,0.0042,0.0035,0.0006,488.41,783,10
100273,Ankara,Yenimahalle,Üreğil Mahallesi,0.2687,1,Medium,0.6481,0.1996,0.0894,0.0589,0.004,334.34,100,78
100274,Ankara,Yenimahalle,Tepecik Mahallesi,0.2871,1,Medium,0.572,0.2035,0.0696,0.0934,0.0616,362.87,29032,2280
100275,Ankara,Yenimahalle,Kayaş Mahallesi,0.3234,2,High,0.1521,0.7268,0.0925,0.0225,0.0062,385.57,15751,1340
100276,Ankara,Yenimahalle,Şahap Gürler Mahallesi,0.2082,1,Low,0.9572,0.025,0.0074,0.0027,0.0077,504.03,27212,2422
100277,Ankara,Yenimahalle,Yeşilbayır Mahallesi,0.2825,1,Medium,0.6139,0.1586,0.156,0.0314,0.0401,386.47,27063,2238
100278,Ankara,Yenimahalle,Küçük Kayaş Mahallesi,0.1714,1,Very Low,0.9354,0.0377,0.0199,0.0059,0.0011,483.15,3593,362
100298,Ankara,Çankaya,Mimar Sinan Mahallesi,0.1951,1,Low,0.9454,0.0339,0.0054,0.0132,0.002,437.44,18462,1624
100280,Ankara,Çankaya,Yunus Emre Mahallesi,0.1841,1,Low,0.9658,0.0131,0.0031,0.0031,0.0149,651.32,24708,2027
100281,Ankara,Çankaya,Merkez Mahallesi,0.1474,1,Very Low,0.9879,0.0075,0.0016,0.0027,0.0003,506.52,100,10
100522,Ankara,Çankaya,Fatih Mahallesi,0.1753,1,Very Low,0.9721,0.0169,0.0051,0.0051,0.0007,422.37,7886,461
100283,Ankara,Çankaya,Tevfik İleri Mahallesi,0.1587,1,Very Low,0.9719,0.0202,0.0025,0.0028,0.0027,570.05,3845,539
100284,Ankara,Yenimahalle,Ertuğrulgazi Mahallesi,0.1475,1,Very Low,0.988,0.0074,0.0019,0.0024,0.0003,494.79,100,269
100285,Ankara,Yenimahalle,Fakülteler Mahallesi,0.2057,1,Low,0.9091,0.0683,0.0091,0.0111,0.0024,410.59,11183,1115
100286,Ankara,Yenimahalle,Çamlıtepe Mahallesi,0.1559,1,Very Low,0.9762,0.0172,0.0029,0.0031,0.0006,442.12,810,84
100287,Ankara,Yenimahalle,İleri Mahallesi,0.1515,1,Very Low,0.9431,0.0421,0.0043,0.0099,0.0006,456.54,100,111
100288,Ankara,Yenimahalle,Ön Cebeci Mahallesi,0.1705,1,Very Low,0.9812,0.0133,0.0023,0.0022,0.0009,488.27,9628,884
100289,Ankara,Yenimahalle,İncesu Mahallesi,0.1393,1,Very Low,0.9888,0.0071,0.001,0.0027,0.0004,517.33,8729,621
100290,Ankara,Yenimahalle,Topraklık Mahallesi,0.2599,1,Medium,0.8298,0.0741,0.0453,0.0248,0.0259,394.62,26953,2580
100291,Ankara,Yenimahalle,Dilekler Mahallesi,0.2018,1,Low,0.9332,0.0465,0.007,0.0115,0.0017,417.76,13270,990
100292,Ankara,Yenimahalle,50. Yıl Mahallesi,0.2654,1,Medium,0.7497,0.1855,0.0367,0.0219,0.0063,370.03,13232,1301
100293,Ankara,Yenimahalle,Fidanlık Mahallesi,0.2007,1,Low,0.9408,0.0369,0.0099,0.01,0.0023,445.75,21174,1597
100294,Ankara,Yenimahalle,Sağlık Mahallesi,0.1588,1,Very Low,0.9565,0.0296,0.0054,0.0077,0.0007,430.57,873,10
100295,Ankara,Yenimahalle,Arka Topraklık Mahallsi,0.234,1,Medium,0.6036,0.2226,0.1246,0.0466,0.0026,385.5,1635,394
100296,Ankara,Yenimahalle,Zafertepe Mahallesi,0.1847,1,Low,0.9497,0.0344,0.0047,0.0031,0.0082,567.08,23879,1978
100297,Ankara,Yenimahalle,Göktürk Mahallesi,0.2837,1,Medium,0.7254,0.0798,0.0664,0.0835,0.0449,341.49,31363,2745
100298,Ankara,Yenimahalle,Mimar Sinan Mahallesi,0.1951,1,Low,0.9454,0.0339,0.0054,0.0132,0.002,437.44,18462,1624
100299,Ankara,Yenimahalle,Metin Oktay Mahallesi,0.1779,1,Very Low,0.9454,0.0378,0.007,0.0066,0.0031,490.17,16791,1575
100300,Ankara,Yenimahalle,Aşıkpaşa Mahallesi,0.1854,1,Low,0.9632,0.025,0.0061,0.0041,0.0016,475.53,6169,293
100301,Ankara,Yenimahalle,Bayraktar Mahallesi,0.2035,1,Low,0.8862,0.0866,0.0078,0.0068,0.0126,488.02,14586,799
100302,Ankara,Yenimahalle,Büyükesat Mahallesi,0.2047,1,Low,0.9446,0.0439,0.0045,0.0027,0.0043,490.67,11001,807
100303,Ankara,Yenimahalle,Kazım Özalp Mahallesi,0.1615,1,Very Low,0.9627,0.0271,0.004,0.0056,0.0006,455.81,4971,540
100457,Ankara,Yenimahalle,100. Yıl Mahallesi,0.3021,1,High,0.6557,0.1278,0.0829,0.0604,0.0731,318.39,28432,2482
100305,Ankara,Yenimahalle,Umut Mahallesi,0.2652,1,Medium,0.8094,0.0692,0.025,0.0331,0.0634,395.94,32708,2703
100306,Ankara,Yenimahalle,Murat Mahallesi,0.215,1,Low,0.7933,0.1362,0.0274,0.0251,0.0181,468.72,29408,2124
100307,Ankara,Yenimahalle,Küçükesat Mahallesi,0.1724,1,Very Low,0.9775,0.0164,0.0023,0.0024,0.0014,500.8,6183,361
100308,Ankara,Yenimahalle,Doğuş Mahallesi,0.1657,1,Very Low,0.9677,0.0278,0.0021,0.002,0.0004,492.9,6285,462
100309,Ankara,Yenimahalle,Esatoğlu Mahallesi,0.1886,1,Low,0.9605,0.032,0.0045,0.0022,0.0008,488.35,13589,1215
100310,Ankara,Yenimahalle,Muhsin Ertuğrul Mahallesi,0.2113,1,Low,0.6543,0.181,0.124,0.0138,0.0269,450.63,29159,2607
100311,Ankara,Yenimahalle,Kavaklıdere Mahallesi,0.1641,1,Very Low,0.9634,0.0265,0.0053,0.0039,0.0008,445.62,338,178
100312,Ankara,Yenimahalle,Tınaztepe Mahallesi,0.2229,4,Low,0.1377,0.0292,0.008,0.8086,0.0166,462.7,33713,2673
100313,Ankara,Yenimahalle,Seyranbağları Mahallesi,0.167,1,Very Low,0.96,0.0302,0.0047,0.0043,0.0009,478.01,100,10
100496,Ankara,Yenimahalle,Barbaros Mahallesi,0.2187,1,Low,0.8888,0.0628,0.0219,0.0147,0.0118,467.69,30790,2527
100406,Ankara,Yenimahalle,Gaziosmanpaşa Mahallesi,0.1544,1,Very Low,0.9843,0.0104,0.0026,0.0023,0.0004,440.1,2320,201
100316,Ankara,Yenimahalle,Birlik Mahallesi,0.1547,1,Very Low,0.9701,0.0129,0.0028,0.0129,0.0013,532.39,16597,1435
100317,Ankara,Yenimahalle,Kırkkonaklar Mahallesi,0.1781,1,Very Low,0.937,0.0427,0.0107,0.0082,0.0015,406.24,2505,10
100318,Ankara,Yenimahalle,Bağcılar Mahallesi,0.1643,1,Very Low,0.9214,0.0627,0.007,0.0064,0.0025,567.15,11990,1110
100319,Ankara,Yenimahalle,Bademlidere Mahallesi,0.1703,1,Very Low,0.9466,0.0449,0.0028,0.0044,0.0013,532.54,13368,1500
100320,Ankara,Yenimahalle,Boztepe Mahallesi,0.239,1,Medium,0.6703,0.2606,0.0323,0.0345,0.0022,350.19,1405,10
100321,Ankara,Yenimahalle,Güvenevler Mahallesi,0.1617,1,Very Low,0.9764,0.0189,0.0017,0.0021,0.0009,515.0,10186,671
100322,Ankara,Yenimahalle,Aziziye Mahallesi,0.2495,1,Medium,0.7347,0.1658,0.0348,0.0591,0.0056,331.69,100,10
100323,Ankara,Yenimahalle,Güzeltepe Mahallesi,0.1558,1,Very Low,0.9841,0.0089,0.0029,0.0038,0.0003,426.65,1147,136
100324,Ankara,Yenimahalle,Yıldızevler Mahallesi,0.2058,1,Low,0.9557,0.0233,0.0066,0.0074,0.007,431.23,22102,2278
100325,Ankara,Yenimahalle,Hilal Mahallesi,0.1633,1,Very Low,0.9644,0.0249,0.004,0.0057,0.0009,457.13,8803,640
100326,Ankara,Yenimahalle,İlkbahar Mahallesi,0.2178,1,Low,0.9114,0.0628,0.009,0.0049,0.0119,511.32,25156,2248
100327,Ankara,Yenimahalle,Sancak Mahallesi,0.1688,1,Very Low,0.9798,0.0125,0.0021,0.0038,0.0018,506.69,8756,376
100328,Ankara,Çankaya,Çankaya Mahallesi,0.165,1,Very Low,0.9743,0.0181,0.004,0.0028,0.0007,478.97,8117,341
100329,Ankara,Yenimahalle,Orta İmrahor Mahallesi,0.1893,1,Low,0.9304,0.0508,0.0113,0.0066,0.0009,413.61,4480,379
100330,Ankara,Yenimahalle,Remzi Oğuz Arık Mahallesi,0.1521,1,Very Low,0.9631,0.0263,0.0056,0.0044,0.0006,508.39,100,10
100331,Ankara,Yenimahalle,Ayrancı Mahallesi,0.2418,1,Medium,0.7899,0.1482,0.0264,0.0337,0.0018,369.61,100,197
100332,Ankara,Yenimahalle,Kültür Mahallesi,0.1777,1,Very Low,0.9712,0.0215,0.0034,0.0031,0.0009,487.27,9877,746
100333,Ankara,Yenimahalle,Kocatepe Mahallesi,0.2719,1,Medium,0.6103,0.2115,0.1024,0.0659,0.0099,321.42,10496,920
100334,Ankara,Yenimahalle,Meşrutiyet Mahallesi,0.206,1,Low,0.9478,0.0356,0.0062,0.0082,0.0022,405.71,9733,1004
100778,Ankara,Yenimahalle,Cumhuriyet Mahallesi,0.2857,1,Medium,0.7765,0.0998,0.0561,0.0559,0.0117,311.42,12748,1008
100336,Ankara,Yenimahalle,Kızılay Mahallesi,0.1561,1,Very Low,0.9596,0.0276,0.0053,0.0069,0.0006,520.89,4311,557
100337,Ankara,Yenimahalle,Korkutreis Mahallesi,0.1812,1,Low,0.9407,0.0457,0.0066,0.0057,0.0013,474.05,12805,1144
100338,Ankara,Yenimahalle,Eti Mahallesi,0.1633,1,Very Low,0.972,0.0172,0.0042,0.0059,0.0007,452.37,278,133
100339,Ankara,Yenimahalle,Maltepe Mahallesi,0.2221,1,Low,0.9028,0.0371,0.0207,0.0237,0.0157,423.61,30682,2664
100340,Ankara,Yenimahalle,Namık Kemal Mahallesi,0.1844,1,Low,0.9306,0.0469,0.0103,0.0086,0.0035,494.37,20472,1759
100341,Ankara,Yenimahalle,Yücetepe Mahallesi,0.1606,1,Very Low,0.9126,0.0677,0.0138,0.0042,0.0016,484.57,4979,629
100342,Ankara,Yenimahalle,Anıttepe Mahallesi,0.2038,1,Low,0.9448,0.0296,0.0065,0.0069,0.0122,467.59,21155,1635
100343,Ankara,Yenimahalle,Mebusevleri Mahallesi,0.1731,1,Very Low,0.9803,0.0135,0.0024,0.0031,0.0008,479.36,10071,827
100408,Ankara,Yenimahalle,Bahçelievler Mahallesi,0.2662,1,Medium,0.8216,0.0596,0.0282,0.067,0.0236,373.65,29158,2127
100345,Ankara,Yenimahalle,Yukarı Bahçelievler Mahallesi,0.1627,1,Very Low,0.972,0.0125,0.0052,0.0094,0.0009,427.19,7648,537
100587,Ankara,Yenimahalle,Emek Mahallesi,0.1661,1,Very Low,0.9777,0.0152,0.0028,0.0038,0.0005,502.82,4393,506
100347,Ankara,Yenimahalle,Balgat Mahallesi,0.1843,1,Low,0.9439,0.0341,0.0069,0.0088,0.0063,537.9,29084,2401
100348,Ankara,Yenimahalle,Nasuh Akar Mahallesi,0.1847,1,Low,0.9592,0.03,0.0045,0.0056,0.0007,458.55,20418,1533
100459,Ankara,Yenimahalle,Devlet Mahallesi,0.2424,1,Medium,0.7514,0.1035,0.0822,0.0474,0.0155,403.78,20105,1703
100350,Ankara,Yenimahalle,Oğuzlar Mahallesi,0.1761,1,Very Low,0.9623,0.0246,0.0045,0.0079,0.0007,486.2,2460,10
100351,Ankara,Yenimahalle,Ehlibeyt Mahallesi,0.1793,1,Very Low,0.9409,0.0423,0.0059,0.0085,0.0025,439.34,100,10
100352,Ankara,Yenimahalle,Yukarı Öveçler Mahallesi,0.16,1,Very Low,0.9781,0.0122,0.0032,0.0061,0.0005,434.8,2300,329
100353,Ankara,Yenimahalle,Cevizlidere Mahallesi,0.2053,1,Low,0.9466,0.0363,0.0056,0.0052,0.0064,496.49,22212,1658
100354,Ankara,Yenimahalle,Huzur Mahallesi,0.185,1,Low,0.9179,0.0607,0.0111,0.0091,0.0013,449.41,100,10
100355,Ankara,Yenimahalle,Gökkuşağı Mahallesi,0.241,1,Medium,0.7738,0.121,0.043,0.0161,0.046,430.25,28295,2232
100356,Ankara,Yenimahalle,Akpınar Mahallesi,0.1533,1,Very Low,0.9842,0.0121,0.0017,0.0016,0.0005,599.43,12461,1030
100357,Ankara,Yenimahalle,Karapınar Mahallesi,0.1783,1,Very Low,0.9694,0.0187,0.0054,0.0052,0.0012,449.08,11851,1386
100358,Ankara,Yenimahalle,Ata Mahallesi,0.3069,1,High,0.5328,0.1333,0.0729,0.1185,0.1426,266.26,21496,1666
100359,Ankara,Yenimahalle,Şehit Cengiz Karaca Mahallesi,0.237,1,Medium,0.6467,0.2819,0.0332,0.0336,0.0047,363.54,4360,422
100360,Ankara,Yenimahalle,Aydınlar Mahallesi,0.1666,1,Very Low,0.9771,0.0149,0.0038,0.0032,0.0009,484.6,8762,524
100361,Ankara,Yenimahalle,Şehit Cevdet Özdemir Mahallesi,0.1358,1,Very Low,0.9673,0.0213,0.0061,0.0047,0.0006,527.81,100,10
100362,Ankara,Yenimahalle,Öveçler Mahallesi,0.2366,1,Medium,0.8646,0.066,0.0236,0.0375,0.0083,339.58,100,10
100363,Ankara,Yenimahalle,Sokullu Mehmet Paşa Mahallesi,0.2062,1,Low,0.9459,0.0277,0.0112,0.0063,0.0088,494.64,32203,2632
100364,Ankara,Yenimahalle,Harbiye Mahallesi,0.1966,1,Low,0.9607,0.022,0.0062,0.0104,0.0007,397.39,6900,748
100365,Ankara,Yenimahalle,Aşağı Öveçler Mahallesi,0.2206,1,Low,0.8836,0.0733,0.0144,0.015,0.0137,405.23,12057,1302
100366,Ankara,Yenimahalle,İlkadım Mahallesi,0.1668,1,Very Low,0.9668,0.022,0.0056,0.0049,0.0008,472.4,710,10
100367,Ankara,Yenimahalle,Naci Çakır Mahallesi,0.2015,1,Low,0.9402,0.0417,0.0072,0.0094,0.0016,425.55,13111,1064
100368,Ankara,Yenimahalle,Osman Temiz Mahallesi,0.1544,1,Very Low,0.9879,0.0074,0.0016,0.0026,0.0005,611.93,11979,1249
100369,Ankara,Yenimahalle,Malazgirt Mahallesi,0.1554,1,Very Low,0.9724,0.0211,0.0028,0.0031,0.0006,481.46,1601,50
100370,Ankara,Yenimahalle,Keklik Pınarı Mahallesi,0.2171,1,Low,0.9281,0.0375,0.0123,0.0178,0.0044,412.34,21249,1735
100371,Ankara,Yenimahalle,Mürsel Uluç Mahallesi,0.2099,1,Low,0.8735,0.0878,0.0207,0.0161,0.0019,392.06,6239,316
100372,Ankara,Yenimahalle,Metin Akkuş Mahallesi,0.1951,1,Low,0.9254,0.0461,0.0124,0.0138,0.0023,428.85,12874,1244
100373,Ankara,Yenimahalle,İlker Mahallesi,0.2119,1,Low,0.859,0.1059,0.0167,0.0115,0.0069,449.88,19977,1841
100374,Ankara,Yenimahalle,Sakarya Mahallesi,0.2019,1,Low,0.8078,0.1579,0.013,0.0048,0.0165,478.06,8974,785
100375,Ankara,Yenimahalle,Or-An Mahallesi,0.1602,1,Very Low,0.9812,0.0135,0.0021,0.0024,0.0008,547.25,17822,1393
100376,Ankara,Yenimahalle,Kızılırmak Mahallesi,0.2218,1,Low,0.7332,0.2106,0.0397,0.0098,0.0067,414.63,9770,875
100377,Ankara,Mamak,Çukurambar Mahallesi,0.2512,1,Medium,0.4948,0.4244,0.0564,0.0202,0.0041,423.43,17166,981
100378,Ankara,Yenimahalle,Söğütözü Mahallesi,0.2733,1,Medium,0.5168,0.2425,0.0708,0.1544,0.0155,326.98,13925,1638
100379,Ankara,Yenimahalle,İşçi Blokları Mahallesi,0.217,1,Low,0.6167,0.2322,0.1142,0.0253,0.0116,394.87,9126,488
100380,Ankara,Yenimahalle,Çiğdem Mahallesi,0.1963,1,Low,0.9623,0.0178,0.0092,0.0056,0.0051,457.03,21745,1837
100381,Ankara,Yenimahalle,Üniversiteler Mahallesi,0.1635,1,Very Low,0.9006,0.0771,0.0128,0.0085,0.0011,532.63,100,10
100382,Ankara,Mamak,Mustafa Kemal Mahallesi,0.2479,1,Medium,0.9095,0.0373,0.0162,0.0198,0.0172,401.39,23445,2365
100383,Ankara,Mamak,Mutlukent Mahallesi,0.1912,1,Low,0.9631,0.0222,0.006,0.0065,0.0022,475.18,20979,1818
100384,Ankara,Mamak,Ümit Mahallesi,0.2021,1,Low,0.9223,0.0407,0.0133,0.0149,0.0088,456.34,21171,1723
100385,Ankara,Mamak,Çayyolu Mahallesi,0.2913,1,Medium,0.7487,0.0829,0.0567,0.0696,0.042,349.2,34304,3269
100386,Ankara,Mamak,Koru Mahallesi,0.1788,1,Very Low,0.8932,0.0821,0.0104,0.0123,0.002,447.45,100,349
100387,Ankara,Mamak,Konutkent Mahallesi,0.2542,1,Medium,0.7738,0.1986,0.0136,0.011,0.0029,469.41,12384,827
100388,Ankara,Mamak,Yaşamkent Mahallesi,0.1752,1,Very Low,0.9279,0.0478,0.0095,0.0132,0.0015,414.95,7116,405
100389,Ankara,Mamak,Alacaatlı Mahallesi,0.2202,1,Low,0.9201,0.0507,0.0087,0.0177,0.0027,412.4,17698,1620
100390,Ankara,Mamak,Dodurga Mahallesi,0.1809,1,Low,0.9707,0.0214,0.0029,0.0036,0.0014,592.6,21210,1832
100391,Ankara,Mamak,Prof. Dr. Ahmet Taner Kışlalı Mahallesi,0.272,1,Medium,0.7775,0.0809,0.049,0.061,0.0316,400.92,44940,3875
100392,Ankara,Mamak,Fatih Sultan Mahallesi,0.1698,1,Very Low,0.9734,0.0182,0.0029,0.0046,0.001,467.71,9750,815
100445,Ankara,Mamak,Beytepe Mahallesi,0.2502,1,Medium,0.7231,0.1842,0.0391,0.0459,0.0076,316.86,1696,10
100679,Ankara,Keçiören,Karacakaya Mahallesi,0.2014,1,Low,0.8693,0.0866,0.0159,0.0168,0.0114,551.63,31440,2531
100395,Ankara,Mamak,Yeniçimşit Mahallesi,0.1996,1,Low,0.9519,0.0258,0.0106,0.0103,0.0015,419.56,11796,517
100602,Ankara,Mamak,Saraycık Mahallesi,0.2205,1,Low,0.8532,0.0744,0.0325,0.0106,0.0293,451.93,29172,2850
100397,Ankara,Keçiören,Osmaniye Mahallesi,0.1899,1,Low,0.9714,0.0146,0.0057,0.0039,0.0043,473.24,22929,1871
100398,Ankara,Mamak,İncek Mahallesi,0.1469,1,Very Low,0.9855,0.0102,0.0015,0.0024,0.0004,530.48,100,412
100399,Ankara,Mamak,Kızılcaşar Mahallesi,0.1595,1,Very Low,0.987,0.0088,0.0015,0.002,0.0007,582.8,16139,1022
100492,Ankara,Mamak,Taşpınar Mahallesi,0.2751,1,Medium,0.6468,0.1871,0.0693,0.0856,0.0113,341.67,12291,1364
100401,Ankara,Mamak,Ahlatlıbel Mahallesi,0.1972,1,Low,0.958,0.0193,0.0082,0.0074,0.0071,500.85,37872,3268
100402,Ankara,Yenimahalle,Ege Mahallesi,0.1789,1,Very Low,0.927,0.0595,0.0061,0.0063,0.001,414.57,805,104
100542,Ankara,Yenimahalle,Kızılca Mahallesi,0.1757,1,Very Low,0.9524,0.0369,0.0055,0.0043,0.0009,470.96,155,10
100404,Ankara,Keçiören,Adalet Mahallesi,0.195,1,Low,0.8702,0.091,0.0159,0.02,0.0028,433.36,4652,227
100765,Ankara,Mamak,Karşıyaka Mahallesi,0.1627,1,Very Low,0.9398,0.0529,0.0029,0.0034,0.001,578.09,10044,945
100406,Ankara,Yenimahalle,Gaziosmanpaşa Mahallesi,0.1544,1,Very Low,0.9843,0.0104,0.0026,0.0023,0.0004,440.1,2320,201
100407,Ankara,Yenimahalle,Şafak Mahallesi,0.1674,1,Very Low,0.9543,0.0252,0.0033,0.0158,0.0014,610.58,17068,1570
100408,Ankara,Yenimahalle,Bahçelievler Mahallesi,0.2662,1,Medium,0.8216,0.0596,0.0282,0.067,0.0236,373.65,29158,2127
100409,Ankara,Çankaya,Muhsin Yazıcıoğlu Mahallesi,0.1732,1,Very Low,0.9253,0.0593,0.0077,0.0059,0.0018,486.88,100,10
100543,Ankara,Yenimahalle,Dumlupınar Mahallesi,0.2324,1,Medium,0.8271,0.0826,0.0426,0.0255,0.0222,415.68,26994,1871
100411,Ankara,Yenimahalle,Hasanoğlan Bahçelievler Mahallesi,0.1889,1,Low,0.9285,0.0478,0.01,0.0126,0.0012,412.78,1251,10
100412,Ankara,Çankaya,Hasanoğlan Havuzbaşı Mahallesi,0.1703,1,Very Low,0.977,0.0149,0.0039,0.0037,0.0005,467.5,5933,269
100413,Ankara,Çankaya,Muzaffer Ekşi Mahallesi,0.2651,1,Medium,0.5515,0.1861,0.1616,0.0893,0.0114,334.28,9362,607
100414,Ankara,Çankaya,Hasanoğlan Fatih Mahallesi,0.1934,1,Low,0.8724,0.0995,0.0141,0.0108,0.0032,444.12,6482,440
100415,Ankara,Çankaya,İstasyon Mahallesi,0.143,1,Very Low,0.9797,0.0144,0.002,0.0033,0.0005,539.87,100,201
100523,Ankara,Çankaya,Şehitlik Mahallesi,0.1251,1,Very Low,0.9925,0.0044,0.001,0.0017,0.0003,560.73,100,520
100417,Ankara,Çankaya,Yeşiltepe Mahallesi,0.2131,1,Low,0.8995,0.0652,0.0161,0.016,0.0031,412.83,17200,1349
100418,Ankara,Çankaya,Beyazıt Mahallesi,0.1634,1,Very Low,0.9795,0.0142,0.0016,0.002,0.0028,532.87,9035,730
100419,Ankara,Çankaya,Timurhan Mahallesi,0.2691,1,Medium,0.4628,0.3729,0.0924,0.0291,0.0428,432.26,27487,2251
100420,Ankara,Çankaya,Büğdüz Mahallesi,0.1877,1,Low,0.8867,0.09,0.0139,0.0071,0.0022,452.66,12386,1241
100421,Ankara,Çankaya,Şeyhler Mahallesi,0.1818,1,Low,0.9779,0.0133,0.0036,0.0043,0.0009,433.55,11355,839
100422,Ankara,Çankaya,Yıldırım Mahallesi,0.2571,2,Medium,0.4644,0.4876,0.0358,0.0099,0.0023,431.25,352,272
100495,Ankara,Çankaya,Atatürk Mahallesi,0.182,1,Low,0.8444,0.1431,0.0067,0.0049,0.0009,445.95,1987,146
100424,Ankara,Çankaya,Kızık Mahallesi,0.1728,1,Very Low,0.9726,0.0219,0.0026,0.0022,0.0007,506.46,13809,1067
100425,Ankara,Çankaya,Karacalar Mahallesi,0.2137,1,Low,0.6739,0.2815,0.0199,0.023,0.0018,397.37,7179,242
100426,Ankara,Çankaya,Çardakbağı Mahallesi,0.2884,2,Medium,0.4541,0.4689,0.0533,0.0188,0.0048,406.92,13383,1174
100427,Ankara,Çankaya,Kalaba Mahallesi,0.1827,1,Low,0.8846,0.0493,0.01,0.0157,0.0404,562.05,32420,2814
100428,Ankara,Çankaya,Uzunlar Mahallesi,0.208,1,Low,0.9475,0.03,0.0091,0.0119,0.0016,411.62,14671,1220
100429,Ankara,Çankaya,Çam Mahallesi,0.2563,5,Medium,0.0925,0.0118,0.0038,0.0189,0.8731,532.39,26908,2656
100430,Ankara,Çankaya,Karayatak Mahallesi,0.1368,1,Very Low,0.9866,0.0098,0.0014,0.0017,0.0004,530.63,3973,32
100431,Ankara,Çankaya,Samut Mahallesi,0.1518,1,Very Low,0.989,0.0073,0.0017,0.0016,0.0003,492.63,4245,278
100432,Ankara,Çankaya,Ovacık Mahallesi,0.1648,1,Very Low,0.9855,0.0096,0.0022,0.0023,0.0004,459.72,1221,481
100433,Ankara,Çankaya,Eğriekin Mahallesi,0.1583,1,Very Low,0.9718,0.0193,0.0038,0.0042,0.001,488.89,100,10
100434,Ankara,Çankaya,Güldarpı Mahallesi,0.1519,1,Very Low,0.9873,0.008,0.0021,0.0022,0.0005,489.61,3843,264
100435,Ankara,Keçiören,Aliağa Mahallesi,0.2412,1,Medium,0.8898,0.0655,0.0144,0.0249,0.0055,378.87,17838,1637
100436,Ankara,Yenimahalle,İbrahimbeyli Mahallesi,0.216,1,Low,0.4732,0.2815,0.174,0.0509,0.0203,418.83,100,59
100437,Ankara,Yenimahalle,Eskitorunobası Mahallesi,0.2035,1,Low,0.86,0.1204,0.0098,0.0068,0.0029,481.88,15442,1026
100438,Ankara,Yenimahalle,Cebirli Mahallesi,0.2606,1,Medium,0.6543,0.0762,0.0433,0.2213,0.0049,355.75,100,27
100439,Ankara,Çankaya,Kuruçay Mahallesi,0.2213,1,Low,0.7579,0.1197,0.0336,0.0224,0.0664,450.32,36545,2610
100440,Ankara,Çankaya,Kışlacık Mahallesi,0.1527,1,Very Low,0.9744,0.0175,0.0021,0.0053,0.0007,549.03,12092,843
100441,Ankara,Keçiören,Rüstempaşa Mahallesi,0.1752,1,Very Low,0.8381,0.0938,0.0516,0.0141,0.0024,473.48,100,66
100516,Ankara,Keçiören,İstiklal Mahallesi,0.1645,1,Very Low,0.9692,0.0218,0.0042,0.004,0.0007,443.94,100,10
100519,Ankara,Keçiören,Zafer Mahallesi,0.1585,1,Very Low,0.9886,0.0083,0.0011,0.0015,0.0005,520.9,11241,1142
100524,Ankara,Keçiören,Kurtuluş Mahallesi,0.2212,1,Low,0.6149,0.1853,0.1267,0.043,0.0301,446.25,32288,2662
100445,Ankara,Keçiören,Beytepe Mahallesi,0.2502,1,Medium,0.7231,0.1842,0.0391,0.0459,0.0076,316.86,1696,10
100778,Ankara,Keçiören,Cumhuriyet Mahallesi,0.2857,1,Medium,0.7765,0.0998,0.0561,0.0559,0.0117,311.42,12748,1008
100447,Ankara,Keçiören,Başağaç Mahallesi,0.262,1,Medium,0.4616,0.4057,0.0421,0.0842,0.0065,354.12,9826,837
100448,Ankara,Keçiören,Hacıkara Mahallesi,0.1667,1,Very Low,0.976,0.0182,0.0017,0.0033,0.0009,514.88,9871,944
100449,Ankara,Keçiören,Ayvaşık Mahallesi,0.2108,1,Low,0.7773,0.0886,0.0291,0.0252,0.0797,528.93,33398,2871
100450,Ankara,Keçiören,Yeşilağaç Mahallesi,0.1681,1,Very Low,0.9486,0.037,0.0065,0.0071,0.0008,462.73,100,10
100451,Ankara,Keçiören,Gazipaşa Mahallesi,0.1611,1,Very Low,0.9603,0.0279,0.0075,0.0032,0.0012,537.49,11851,712
100452,Ankara,Keçiören,Yazı Mahallesi,0.1829,1,Low,0.9463,0.0429,0.0039,0.0026,0.0043,554.81,17270,1311
100453,Ankara,Çankaya,Karaköy Mahallesi,0.1731,1,Very Low,0.9646,0.0263,0.0021,0.0057,0.0013,511.42,17949,1646
100495,Ankara,Keçiören,Atatürk Mahallesi,0.182,1,Low,0.8444,0.1431,0.0067,0.0049,0.0009,445.95,1987,146
100455,Ankara,Keçiören,Akdere Mahallesi,0.2586,1,Medium,0.8175,0.1038,0.0337,0.0404,0.0045,355.14,10400,1198
100456,Ankara,Keçiören,Hacıbey Mahallesi,0.2713,1,Medium,0.7335,0.1743,0.0479,0.0378,0.0065,367.81,18000,1321
100457,Ankara,Keçiören,100. Yıl Mahallesi,0.3021,1,High,0.6557,0.1278,0.0829,0.0604,0.0731,318.39,28432,2482
100458,Ankara,Mamak,Yeni Bağlıca Mahallesi,0.2345,1,Medium,0.6004,0.1101,0.179,0.0748,0.0357,457.43,46135,3964
100459,Ankara,Keçiören,Devlet Mahallesi,0.2424,1,Medium,0.7514,0.1035,0.0822,0.0474,0.0155,403.78,20105,1703
100522,Ankara,Çankaya,Fatih Mahallesi,0.1753,1,Very Low,0.9721,0.0169,0.0051,0.0051,0.0007,422.37,7886,461
100461,Ankara,Çankaya,Yazır Mahallesi,0.1658,1,Very Low,0.9823,0.0101,0.0023,0.0041,0.0013,554.38,20641,1695
100462,Ankara,Yenimahalle,Yeşilova Mahallesi,0.2153,1,Low,0.9334,0.0295,0.0156,0.0114,0.0101,486.87,42135,3339
100463,Ankara,Yenimahalle,Hürriyet Mahallesi,0.1961,1,Low,0.808,0.1322,0.0443,0.0088,0.0067,442.1,17471,1209
100518,Ankara,Yenimahalle,Yeni Mahalle,0.1768,1,Very Low,0.7042,0.1664,0.0857,0.0415,0.0022,456.39,100,10
100518,Ankara,Yenimahalle,Yeni Mahalle,0.1768,1,Very Low,0.7042,0.1664,0.0857,0.0415,0.0022,456.39,100,10
100466,Ankara,Yenimahalle,Kusunlar Mahallesi,0.17,1,Very Low,0.9761,0.0125,0.0017,0.0092,0.0005,497.61,6611,893
100467,Ankara,Yenimahalle,Zirvekent Mahallesi,0.1891,1,Low,0.9495,0.0316,0.0062,0.0058,0.007,522.61,28693,2362
100468,Ankara,Yenimahalle,Kıbrısköy Mahallesi,0.2893,2,Medium,0.0173,0.6267,0.3349,0.0184,0.0027,420.91,7463,550
100469,Ankara,Çankaya,Lalahan Mahallesi,0.2115,1,Low,0.9321,0.0452,0.0079,0.0139,0.0008,356.98,4767,509
100470,Ankara,Keçiören,Nasuhpaşa Mahallesi,0.2135,1,Low,0.8836,0.0715,0.0297,0.0111,0.0042,410.43,13930,1353
100522,Ankara,Keçiören,Fatih Mahallesi,0.1753,1,Very Low,0.9721,0.0169,0.0051,0.0051,0.0007,422.37,7886,461
100472,Ankara,Yenimahalle,Bayındır Mahallesi,0.2488,1,Medium,0.7724,0.1077,0.0353,0.0782,0.0064,319.13,100,226
100546,Ankara,Yenimahalle,Ortaköy Mahallesi,0.236,1,Medium,0.7878,0.166,0.0141,0.025,0.0072,386.77,3615,612
100474,Ankara,Yenimahalle,Kutludüğün Mahallesi,0.1683,1,Very Low,0.9374,0.0496,0.0071,0.005,0.0009,456.65,100,92
100475,Ankara,Yenimahalle,Yeni Bayındır Mahallesi,0.1562,1,Very Low,0.9787,0.0152,0.0024,0.003,0.0007,485.13,8217,978
100476,Ankara,Çankaya,Gökçeyurt Mahallesi,0.2077,1,Low,0.9498,0.0332,0.0072,0.0079,0.0018,417.02,15425,1175
100765,Ankara,Çankaya,Karşıyaka Mahallesi,0.1627,1,Very Low,0.9398,0.0529,0.0029,0.0034,0.001,578.09,10044,945
100478,Ankara,Yenimahalle,Yukarı İmrohor Mahallesi,0.1339,1,Very Low,0.9859,0.0106,0.0015,0.0017,0.0003,538.94,4596,506
100479,Ankara,Yenimahalle,Diriliş Mahallesi,0.1561,1,Very Low,0.9805,0.0143,0.0017,0.0028,0.0007,472.62,5711,837
100480,Ankara,Keçiören,Gençali Mahallesi,0.1437,1,Very Low,0.9781,0.0139,0.0018,0.0058,0.0004,584.71,100,10
100481,Ankara,Çankaya,Yeşildere Fatih Mahallesi,0.1768,1,Very Low,0.8166,0.1367,0.0378,0.0073,0.0016,438.71,598,10
100482,Ankara,Çankaya,Seyitcemali Mahallesi,0.2934,2,Medium,0.3137,0.4673,0.0743,0.0378,0.107,377.52,27923,2394
100483,Ankara,Keçiören,Ostim Mahallesi,0.1849,1,Low,0.9015,0.0853,0.005,0.0066,0.0016,507.86,12928,820
100598,Ankara,Keçiören,Susuz Mahallesi,0.1721,1,Very Low,0.949,0.0293,0.0087,0.0121,0.0009,422.6,100,10
100485,Ankara,Çankaya,Battalgazi Mahallesi,0.2618,1,Medium,0.621,0.2032,0.0431,0.12,0.0126,368.41,18919,1404
100486,Ankara,Yenimahalle,Aşağı İmrahor Mahallesi,0.1734,1,Very Low,0.9778,0.0163,0.0018,0.0034,0.0008,512.51,10555,1162
100487,Ankara,Yenimahalle,Tuzla Mahallesi,0.2219,1,Low,0.7335,0.1743,0.0369,0.0521,0.0031,362.97,100,10
100516,Ankara,Yenimahalle,İstiklal Mahallesi,0.1645,1,Very Low,0.9692,0.0218,0.0042,0.004,0.0007,443.94,100,10
100489,Ankara,Yenimahalle,Hacıenbiya Mahallesi,0.2525,1,Medium,0.7379,0.1657,0.0417,0.0464,0.0083,329.14,7654,788
100490,Ankara,Yenimahalle,Ekici Mahallesi,0.2598,1,Medium,0.5851,0.1852,0.1309,0.0374,0.0614,392.14,23990,2131
100491,Ankara,Keçiören,Akkaya Mahallesi,0.1755,1,Very Low,0.9648,0.0205,0.005,0.0089,0.0008,429.17,100,365
100492,Ankara,Çankaya,Taşpınar Mahallesi,0.2751,1,Medium,0.6468,0.1871,0.0693,0.0856,0.0113,341.67,12291,1364
100493,Ankara,Çankaya,Sünlü Mahallesi,0.1889,1,Low,0.9599,0.0252,0.0053,0.0081,0.0016,440.93,16280,1572
100494,Ankara,Çankaya,Ağılcık Mahallesi,0.1715,1,Very Low,0.9272,0.0572,0.0076,0.0071,0.0009,459.44,100,10
100495,Ankara,Çankaya,Atatürk Mahallesi,0.182,1,Low,0.8444,0.1431,0.0067,0.0049,0.0009,445.95,1987,146
100496,Ankara,Çankaya,Barbaros Mahallesi,0.2187,1,Low,0.8888,0.0628,0.0219,0.0147,0.0118,467.69,30790,2527
100497,Ankara,Çankaya,Yavuz Selim Mahallesi,0.1831,1,Low,0.9576,0.03,0.0053,0.0063,0.0008,477.17,2819,243
100498,Ankara,Çankaya,Esenboğa Mahallesi,0.2462,1,Medium,0.8606,0.0828,0.0166,0.0321,0.0079,385.15,18152,1822
100499,Ankara,Keçiören,Güneyce Mahallesi,0.2273,1,Low,0.9252,0.0338,0.0107,0.0055,0.0248,466.84,24135,1671
100500,Ankara,Keçiören,Yazıbeyli Mahallesi,0.1789,1,Very Low,0.9412,0.046,0.0048,0.0072,0.0007,458.14,100,384
100501,Ankara,Mamak,Yapracık Mahallesi,0.2002,1,Low,0.9407,0.0361,0.0104,0.0117,0.001,408.27,6219,365
100568,Ankara,Mamak,Hacılar Mahallesi,0.1445,1,Very Low,0.9716,0.0237,0.0024,0.0018,0.0005,560.36,868,10
100503,Ankara,Mamak,Hacıhasan Mahallesi,0.1639,1,Very Low,0.9845,0.0101,0.0014,0.0029,0.0011,505.01,9928,887
100504,Ankara,Mamak,Tulumtaş Mahallesi,0.1897,1,Low,0.9378,0.0471,0.0082,0.0041,0.0028,464.01,13283,1089
100505,Ankara,Mamak,Orhun Mahallesi,0.2017,1,Low,0.946,0.0324,0.0081,0.0117,0.0018,423.11,11604,995
100506,Ankara,Mamak,Yukarıyurtçu Mahallesi,0.1712,1,Very Low,0.9079,0.0497,0.0333,0.0073,0.0019,449.54,100,241
100507,Ankara,Mamak,Aşağıyurtçu Mahallesi,0.1937,1,Low,0.9362,0.0428,0.0078,0.0039,0.0093,541.51,25496,2410
100508,Ankara,Mamak,Atayurt Mahallesi,0.2067,1,Low,0.7688,0.1145,0.0729,0.039,0.0048,405.41,4828,641
100509,Ankara,Mamak,Turkuaz Mahallesi,0.1615,1,Very Low,0.9857,0.0093,0.0019,0.0023,0.0008,504.49,10867,1112
100510,Ankara,Mamak,Balıkuyumcu Mahallesi,0.1561,1,Very Low,0.9755,0.0172,0.0032,0.0032,0.0009,508.72,4736,358
100511,Ankara,Mamak,Şehitali Mahallesi,0.2094,1,Low,0.7035,0.2137,0.0358,0.04,0.007,469.01,11362,944
100512,Ankara,Mamak,Fevziye Mahallesi,0.1476,1,Very Low,0.9855,0.0093,0.002,0.0028,0.0004,507.38,100,172
100513,Ankara,Mamak,Oyaca Akarsu Mahallesi,0.2918,1,Medium,0.7022,0.1333,0.0658,0.0517,0.047,356.02,26096,2414
100514,Ankara,Mamak,Oyaca Yeşilçam Mahallesi,0.2023,1,Low,0.9509,0.0314,0.0061,0.0106,0.001,401.98,100,342
100515,Ankara,Mamak,Şentepe Mahallesi,0.186,1,Low,0.9497,0.0349,0.0079,0.0064,0.0011,443.84,5223,354
100516,Ankara,Mamak,İstiklal Mahallesi,0.1645,1,Very Low,0.9692,0.0218,0.0042,0.004,0.0007,443.94,100,10
100517,Ankara,Mamak,Çamlıca Mahallesi,0.2107,1,Low,0.9226,0.0533,0.0086,0.0131,0.0023,436.21,10328,836
100518,Ankara,Mamak,Yeni Mahalle,0.1768,1,Very Low,0.7042,0.1664,0.0857,0.0415,0.0022,456.39,100,10
100519,Ankara,Mamak,Zafer Mahallesi,0.1585,1,Very Low,0.9886,0.0083,0.0011,0.0015,0.0005,520.9,11241,1142
100520,Ankara,Mamak,Esentepe Mahallesi,0.242,1,Medium,0.9183,0.0336,0.0159,0.0266,0.0057,321.0,100,177
100521,Ankara,Mamak,Gülveren Mahallesi,0.1848,1,Low,0.9455,0.0365,0.0074,0.0098,0.0008,411.48,100,98
100522,Ankara,Mamak,Fatih Mahallesi,0.1753,1,Very Low,0.9721,0.0169,0.0051,0.0051,0.0007,422.37,7886,461
100523,Ankara,Mamak,Şehitlik Mahallesi,0.1251,1,Very Low,0.9925,0.0044,0.001,0.0017,0.0003,560.73,100,520
100524,Ankara,Mamak,Kurtuluş Mahallesi,0.2212,1,Low,0.6149,0.1853,0.1267,0.043,0.0301,446.25,32288,2662
100778,Ankara,Mamak,Cumhuriyet Mahallesi,0.2857,1,Medium,0.7765,0.0998,0.0561,0.0559,0.0117,311.42,12748,1008
100526,Ankara,Mamak,Gazi Mahallesi,0.1932,1,Low,0.9069,0.0642,0.0108,0.0142,0.0039,454.67,20478,1710
100527,Ankara,Mamak,Mehmetakif Mahallesi,0.1868,1,Low,0.7931,0.104,0.0757,0.0249,0.0022,425.31,1476,511
100564,Ankara,Yenimahalle,Yeşilkent Mahallesi,0.2662,2,Medium,0.3232,0.555,0.085,0.0346,0.0021,382.74,3427,279
100529,Ankara,Yenimahalle,Aktaş Mahallesi,0.1822,1,Low,0.9407,0.0456,0.0075,0.0044,0.0018,490.14,11097,913
100530,Ankara,Çankaya,Yiğitli Mahallesi,0.2059,1,Low,0.9121,0.0573,0.0154,0.0095,0.0057,497.38,20791,1685
100531,Ankara,Çankaya,Kavaklı Mahallesi,0.1924,1,Low,0.9339,0.0569,0.0051,0.0029,0.0011,532.78,10931,740
100532,Ankara,Çankaya,Yukarı Obruk mahallesi,0.2081,1,Low,0.7387,0.1629,0.0709,0.0233,0.0042,417.3,10656,938
100533,Ankara,Çankaya,Aşağı Obruk mahallesi,0.1907,1,Low,0.9751,0.0117,0.0035,0.0078,0.0019,482.41,21470,1706
100534,Ankara,Çankaya,Durhasan mahallesi,0.2295,1,Low,0.7668,0.2091,0.0149,0.0075,0.0017,438.02,13272,760
100535,Ankara,Çankaya,Yaylak mahallesi,0.27,1,Medium,0.6028,0.1689,0.1507,0.0694,0.0081,337.35,9656,647
100536,Ankara,Çankaya,Yıldırımevci mahallesi,0.2203,1,Low,0.861,0.1026,0.0125,0.02,0.0038,407.12,15902,1573
100763,Ankara,Yenimahalle,Yenice Mahallesi,0.1739,1,Very Low,0.9716,0.0158,0.0047,0.0042,0.0037,585.03,29479,2575
100538,Ankara,Yenimahalle,İsmetpaşa Mahallesi,0.1853,1,Low,0.9232,0.0567,0.0063,0.0105,0.0033,521.0,13697,755
100539,Ankara,Yenimahalle,Gümüşpala Mahallesi,0.1765,1,Very Low,0.9411,0.0419,0.0061,0.0102,0.0007,436.34,5278,364
100540,Ankara,Çankaya,İkipınar Mahallesi,0.2037,1,Low,0.9475,0.0303,0.0079,0.0114,0.0029,430.73,19181,1618
100541,Ankara,Çankaya,Melikşah Mahallesi,0.2425,1,Medium,0.8203,0.1,0.0294,0.0459,0.0044,315.17,5220,741
100542,Ankara,Çankaya,Kızılca Mahallesi,0.1757,1,Very Low,0.9524,0.0369,0.0055,0.0043,0.0009,470.96,155,10
100543,Ankara,Çankaya,Dumlupınar Mahallesi,0.2324,1,Medium,0.8271,0.0826,0.0426,0.0255,0.0222,415.68,26994,1871
100763,Ankara,Çankaya,Yenice Mahallesi,0.1739,1,Very Low,0.9716,0.0158,0.0047,0.0042,0.0037,585.03,29479,2575
100545,Ankara,Çankaya,Semer Mahallesi,0.2018,1,Low,0.9546,0.0364,0.0034,0.0045,0.0012,507.66,13253,1439
100546,Ankara,Çankaya,Ortaköy Mahallesi,0.236,1,Medium,0.7878,0.166,0.0141,0.025,0.0072,386.77,3615,612
100547,Ankara,Çankaya,Yıldırımçatak Mahallesi,0.1743,1,Very Low,0.9743,0.0142,0.0033,0.0038,0.0044,531.05,22026,1796
100548,Ankara,Çankaya,Olucak Mahallesi,0.1617,1,Very Low,0.9683,0.0222,0.0036,0.0049,0.001,496.87,164,10
100549,Ankara,Çankaya,Yıldırımören Mahallesi,0.2486,1,Medium,0.6842,0.2475,0.0431,0.0186,0.0065,418.96,10299,988
100550,Ankara,Çankaya,Yıldırım Hacılar Mahallesi,0.2187,1,Low,0.8652,0.0944,0.019,0.0082,0.0132,483.6,22871,2391
100551,Ankara,Çankaya,Yıldırım Aydoğan Mahallesi,0.1416,1,Very Low,0.9896,0.0079,0.0012,0.0011,0.0002,573.84,1201,373
100552,Ankara,Çankaya,Yıldırım Elören Mahallesi,0.2329,1,Medium,0.8874,0.0767,0.0163,0.0159,0.0037,373.96,9343,765
100553,Ankara,Çankaya,Uluağaç Mahallesi,0.2578,1,Medium,0.8606,0.0639,0.0259,0.0187,0.031,390.68,24827,2356
100554,Ankara,Çankaya,Ömercik Mahallesi,0.1984,1,Low,0.9626,0.0202,0.0056,0.0104,0.0012,426.78,19747,1622
100631,Ankara,Çankaya,Akkuzulu Mahallesi,0.2601,1,Medium,0.8122,0.0982,0.0269,0.0289,0.0337,395.53,24955,2157
100630,Ankara,Çankaya,Kargın Mahallesi,0.1421,1,Very Low,0.9388,0.0445,0.0099,0.0061,0.0007,564.17,100,10
100557,Ankara,Çankaya,Kapaklı Mahallesi,0.1986,1,Low,0.8988,0.0533,0.0086,0.0039,0.0354,517.45,25325,1999
100558,Ankara,Çankaya,Mutlu Mahallesi,0.2073,1,Low,0.9139,0.0539,0.0161,0.0057,0.0103,477.17,27239,2299
100559,Ankara,Çankaya,Kızılöz Mahallesi,0.1364,1,Very Low,0.9854,0.0113,0.0014,0.0017,0.0003,653.34,3244,94
100560,Ankara,Yenimahalle,Tohumlar Mahallesi,0.1478,1,Very Low,0.9873,0.0081,0.0017,0.0025,0.0004,518.31,100,244
100617,Ankara,Yenimahalle,Karataş Mahallesi,0.1583,1,Very Low,0.952,0.0327,0.0095,0.0049,0.0009,520.27,100,10
100562,Ankara,Çankaya,Otacı Mahallesi,0.196,1,Low,0.9533,0.0321,0.0057,0.0068,0.0022,466.64,13485,984
100563,Ankara,Çankaya,Karaçam Mahallesi,0.1792,1,Very Low,0.9801,0.0143,0.0021,0.0028,0.0008,490.53,16663,1470
100564,Ankara,Çankaya,Yeşilkent Mahallesi,0.2662,2,Medium,0.3232,0.555,0.085,0.0346,0.0021,382.74,3427,279
100565,Ankara,Çankaya,Çatokçular Mahallesi,0.182,1,Low,0.9336,0.0478,0.0079,0.004,0.0067,537.33,28341,2139
100566,Ankara,Çankaya,Nusratlar Mahallesi,0.1382,1,Very Low,0.9863,0.01,0.0014,0.0019,0.0003,529.04,6950,453
100567,Ankara,Çankaya,Kızılören Mahallesi,0.1785,1,Very Low,0.967,0.0233,0.0047,0.0036,0.0015,488.28,5850,10
100568,Ankara,Çankaya,Hacılar Mahallesi,0.1445,1,Very Low,0.9716,0.0237,0.0024,0.0018,0.0005,560.36,868,10
100569,Ankara,Çankaya,Yukarı Çavundur Mahallesi,0.2239,1,Low,0.7983,0.1419,0.0249,0.0288,0.0061,421.35,19426,1649
100570,Ankara,Çankaya,Kösrelik Mahallesi,0.2055,1,Low,0.9294,0.0473,0.009,0.0123,0.002,422.32,12549,957
100571,Ankara,Çankaya,Sarısu Mahallesi,0.2007,1,Low,0.8429,0.0771,0.0157,0.0177,0.0465,526.3,36757,3072
100572,Ankara,Çankaya,Meşeli Mahallesi,0.1448,1,Very Low,0.9834,0.0128,0.0013,0.0019,0.0007,530.34,9547,690
100573,Ankara,Çankaya,Dalyasan Mahallesi,0.1636,1,Very Low,0.9225,0.0409,0.0127,0.0219,0.002,415.57,100,14
100574,Ankara,Çankaya,Demirci Mahallesi,0.1835,1,Low,0.9737,0.0189,0.0038,0.0027,0.0008,493.52,13032,1011
100575,Ankara,Çankaya,Oymiğde Mahallesi,0.1873,1,Low,0.9149,0.062,0.013,0.0083,0.0018,408.57,261,143
100576,Ankara,Çankaya,Camili Mahallesi,0.2056,1,Low,0.9717,0.015,0.0053,0.0075,0.0005,378.94,2968,310
100577,Ankara,Çankaya,Kuyumcu Mahallesi,0.268,1,Medium,0.7065,0.2056,0.0483,0.0317,0.0078,374.72,13533,1426
100578,Ankara,Çankaya,İmam Hüseyin Mahallesi,0.1417,1,Very Low,0.9902,0.0055,0.0014,0.0026,0.0003,519.57,100,87
100579,Ankara,Çankaya,Küçükali Mahallesi,0.179,1,Very Low,0.8476,0.0557,0.0379,0.0315,0.0272,460.53,11565,810
100580,Ankara,Çankaya,Cücük Mahallesi,0.2139,1,Low,0.8828,0.0904,0.0088,0.0092,0.0087,500.56,31380,2187
100581,Ankara,Çankaya,Eskiçöte Mahallesi,0.1646,1,Very Low,0.9583,0.0246,0.0065,0.0095,0.0012,428.84,100,55
100582,Ankara,Yenimahalle,Boğaziçi Mahallesi,0.2085,1,Low,0.6458,0.2039,0.1292,0.0183,0.0028,420.39,2961,330
100583,Ankara,Yenimahalle,Kale Mahallesi,0.1849,1,Low,0.9464,0.043,0.0037,0.0053,0.0017,508.58,17243,1607
100584,Ankara,Yenimahalle,Sarıkaya Mahallesi,0.1925,1,Low,0.9484,0.0365,0.006,0.0064,0.0027,489.48,21299,1801
100585,Ankara,Yenimahalle,Sanayi Mahallesi,0.2749,1,Medium,0.7833,0.0785,0.0299,0.0816,0.0266,376.39,32922,2457
100586,Ankara,Yenimahalle,Mustafacık Mahallesi,0.1931,1,Low,0.7046,0.2572,0.0239,0.011,0.0033,500.19,12748,716
100587,Ankara,Yenimahalle,Emek Mahallesi,0.1661,1,Very Low,0.9777,0.0152,0.0028,0.0038,0.0005,502.82,4393,506
100588,Ankara,Çankaya,Akbayır Mahallesi,0.2279,1,Low,0.8403,0.0876,0.027,0.0244,0.0206,496.56,45567,3452
100589,Ankara,Yenimahalle,Hacıbektaşlı Mahallesi,0.2227,1,Low,0.9428,0.0393,0.0051,0.007,0.0058,527.79,25939,2102
100590,Ankara,Yenimahalle,Şeyh Kuyusu Mahallesi,0.2452,1,Medium,0.8774,0.0833,0.0185,0.0174,0.0033,373.05,12363,1268
100591,Ankara,Yenimahalle,Mehmet Akif Ersoy Mahallesi,0.2399,1,Medium,0.7329,0.1846,0.0323,0.0471,0.0032,334.65,100,307
100592,Ankara,Yenimahalle,Akseki Mahallesi,0.1562,1,Very Low,0.9805,0.0137,0.0021,0.0033,0.0004,512.87,4894,464
100778,Ankara,Yenimahalle,Cumhuriyet Mahallesi,0.2857,1,Medium,0.7765,0.0998,0.0561,0.0559,0.0117,311.42,12748,1008
100594,Ankara,Çankaya,Karadana Mahallesi,0.1751,1,Very Low,0.9752,0.0176,0.0029,0.0035,0.0008,441.1,9846,645
100595,Ankara,Çankaya,Dedeler Mahallesi,0.1464,1,Very Low,0.9782,0.0161,0.0022,0.0031,0.0004,579.14,100,117
100596,Ankara,Çankaya,Yukarı Emirler Mahallesi,0.1848,1,Low,0.9645,0.0157,0.0074,0.0074,0.0049,625.89,49070,3908
100597,Ankara,Çankaya,Dağkalfat Mahallesi,0.2429,1,Medium,0.6341,0.1427,0.1219,0.0959,0.0054,339.43,100,185
100598,Ankara,Çankaya,Susuz Mahallesi,0.1721,1,Very Low,0.949,0.0293,0.0087,0.0121,0.0009,422.6,100,10
100599,Ankara,Çankaya,Okçular Mahallesi,0.1898,1,Low,0.7328,0.1715,0.0727,0.0178,0.0052,412.6,7781,556
100600,Ankara,Çankaya,Mahmutoğlan Mahallesi,0.2619,1,Medium,0.874,0.0399,0.0226,0.041,0.0224,373.42,31529,2694
100601,Ankara,Çankaya,Çitköy Mahallesi,0.2246,1,Low,0.5559,0.3382,0.0682,0.0224,0.0153,421.09,12557,947
100602,Ankara,Çankaya,Saraycık Mahallesi,0.2205,1,Low,0.8532,0.0744,0.0325,0.0106,0.0293,451.93,29172,2850
100603,Ankara,Çankaya,Sarıkoz Mahallesi,0.1626,1,Very Low,0.9667,0.0259,0.0023,0.0038,0.0012,535.71,15274,1335
100604,Ankara,Çankaya,Sele Mahallesi,0.1701,1,Very Low,0.9576,0.0283,0.0068,0.0066,0.0008,450.01,100,10
100605,Ankara,Çankaya,Yazlıca Mahallesi,0.1893,1,Low,0.97,0.0194,0.0032,0.0048,0.0026,491.5,15577,1517
100606,Ankara,Çankaya,Karaman Mahallesi,0.2063,1,Low,0.7985,0.1183,0.0536,0.012,0.0177,460.61,28196,2463
100751,Ankara,Çankaya,Karaağaç Mahallesi,0.1558,1,Very Low,0.9756,0.0175,0.0032,0.0032,0.0005,457.27,100,217
100608,Ankara,Çankaya,Tahtayazı Mahallesi,0.2067,1,Low,0.9294,0.0387,0.0105,0.0126,0.0088,509.94,36714,2838
100609,Ankara,Çankaya,Aşağı Çavundur Mahallesi,0.1542,1,Very Low,0.9753,0.0172,0.0029,0.004,0.0006,465.17,7968,738
100610,Ankara,Çankaya,Gökçedere Mahallesi,0.1585,1,Very Low,0.9836,0.0106,0.003,0.0025,0.0004,459.23,4318,453
100611,Ankara,Çankaya,Sığırlıhacı Mahallesi,0.2348,1,Medium,0.8656,0.054,0.0292,0.0344,0.0168,418.16,35198,3013
100612,Ankara,Çankaya,Kutuören Mahallesi,0.2241,1,Low,0.9114,0.0462,0.0193,0.0217,0.0014,365.87,4437,525
100613,Ankara,Çankaya,Tuğla Mahallesi,0.1748,1,Very Low,0.9795,0.014,0.0024,0.0025,0.0016,520.04,11805,948
100614,Ankara,Çankaya,Gümüşyayla Mahallesi,0.1532,1,Very Low,0.9781,0.0109,0.004,0.006,0.0011,452.11,100,10
100615,Ankara,Çankaya,Yakuphasan Mahallesi,0.194,1,Low,0.7316,0.1748,0.0625,0.027,0.0042,458.85,14545,1050
100616,Ankara,Çankaya,Yılmaz Mahallesi,0.2076,1,Low,0.9029,0.0571,0.0181,0.0177,0.0041,460.52,15065,1219
100617,Ankara,Çankaya,Karataş Mahallesi,0.1583,1,Very Low,0.952,0.0327,0.0095,0.0049,0.0009,520.27,100,10
100618,Ankara,Çankaya,Özlüce Mahallesi,0.1745,1,Very Low,0.9495,0.0397,0.0052,0.0047,0.0009,488.13,100,49
100619,Ankara,Çankaya,Teberik Mahallesi,0.1566,1,Very Low,0.9786,0.0139,0.0026,0.0043,0.0005,507.63,764,13
100620,Ankara,Çankaya,Hançılı Mahallesi,0.1746,1,Very Low,0.9697,0.0221,0.0029,0.0041,0.0012,537.1,100,10
100621,Ankara,Çankaya,Karatepe Mahallesi,0.3129,1,High,0.5332,0.1298,0.0811,0.1653,0.0906,221.51,40407,3383
100622,Ankara,Çankaya,Demirtaş Mahallesi,0.1676,1,Very Low,0.9543,0.0259,0.0076,0.0111,0.0012,423.68,1043,10
100623,Ankara,Çankaya,Kınık Mahallesi,0.1852,1,Low,0.914,0.0544,0.0078,0.0086,0.0152,508.78,14405,1065
100624,Ankara,Çankaya,Satılar Mahallesi,0.2684,1,Medium,0.6926,0.2028,0.0383,0.0502,0.0161,355.13,7807,1052
100625,Ankara,Çankaya,Mahmutlar Mahallesi,0.1692,1,Very Low,0.9809,0.0098,0.0033,0.0024,0.0037,612.53,26781,2122
100626,Ankara,Çankaya,Elmapınar Mahallesi,0.2249,1,Low,0.9167,0.0384,0.0235,0.0134,0.0081,408.86,22392,1652
100627,Ankara,Çankaya,Afşar Mahallesi,0.3219,1,High,0.5514,0.1484,0.1228,0.1119,0.0655,362.13,24898,1948
100628,Ankara,Çankaya,Yurtyenice Mahallesi,0.2342,1,Medium,0.9085,0.07,0.0106,0.004,0.0069,508.0,21977,2269
100629,Ankara,Çankaya,Uyarca Mahallesi,0.1674,1,Very Low,0.9609,0.0295,0.0046,0.0043,0.0006,462.39,100,10
100630,Ankara,Çankaya,Kargın Mahallesi,0.1421,1,Very Low,0.9388,0.0445,0.0099,0.0061,0.0007,564.17,100,10
100631,Ankara,Çankaya,Akkuzulu Mahallesi,0.2601,1,Medium,0.8122,0.0982,0.0269,0.0289,0.0337,395.53,24955,2157
100632,Ankara,Çankaya,Buğra Mahallesi,0.2034,1,Low,0.7962,0.1418,0.0469,0.012,0.0031,477.28,12365,1049
100633,Ankara,Çankaya,Gökçeören Mahallesi,0.2064,1,Low,0.8857,0.0866,0.0143,0.0104,0.0031,443.07,19500,1402
100634,Ankara,Çankaya,Alibeyli Mahallesi,0.2081,1,Low,0.9503,0.0265,0.0076,0.0108,0.0049,426.3,21663,1809
100635,Ankara,Çankaya,Karalar Mahallesi,0.1767,1,Very Low,0.9485,0.043,0.0052,0.0026,0.0006,478.47,3643,52
100636,Ankara,Çankaya,Gökdere Mahallesi,0.2727,1,Medium,0.5804,0.1808,0.0758,0.1092,0.0539,335.15,15721,1372
100637,Ankara,Çankaya,Samanlık Mahallesi,0.177,1,Very Low,0.9296,0.0465,0.0106,0.0123,0.001,419.33,100,60
100638,Ankara,Çankaya,Yalım Mahallesi,0.1818,1,Low,0.955,0.0289,0.0042,0.011,0.0009,430.13,5685,805
100639,Ankara,Çankaya,Gölköy Mahallesi,0.1674,1,Very Low,0.958,0.0316,0.0047,0.004,0.0017,494.83,13865,985
100640,Ankara,Çankaya,Şeyhmahmut Mahallesi,0.1864,1,Low,0.9184,0.0436,0.0101,0.0094,0.0185,474.93,12085,692
100641,Ankara,Çankaya,Ahikemal Şenyurt Mahallesi,0.2248,1,Low,0.9221,0.0514,0.0071,0.0133,0.0061,414.46,10397,1173
100642,Ankara,Çankaya,Halilağa Tabakhane Mahallesi,0.2604,1,Medium,0.7833,0.099,0.0481,0.0175,0.0521,395.49,26366,2615
100643,Ankara,Çankaya,Çanşa Kale Mahallesi,0.3729,1,High,0.4444,0.1456,0.2457,0.1475,0.0169,346.38,18433,1777
100644,Ankara,Çankaya,Ahiler Yenice Mahallesi,0.189,1,Low,0.9766,0.0134,0.003,0.0036,0.0035,517.23,22598,1884
100645,Ankara,Çankaya,Cumasaray Mahallesi,0.1729,1,Very Low,0.9699,0.025,0.0021,0.0021,0.0009,515.77,7133,636
100646,Ankara,Çankaya,Halitcevriaslangil Mahallesi,0.2503,1,Medium,0.8384,0.0787,0.0269,0.034,0.0221,396.49,23759,2017
100647,Ankara,Çankaya,Yenidoğan Yeşilyurt Mahallesi,0.1884,1,Low,0.8904,0.0879,0.0078,0.0102,0.0037,486.43,100,10
100648,Ankara,Çankaya,Gümüşpınar Mahallesi,0.162,1,Very Low,0.9394,0.0499,0.0039,0.0061,0.0007,529.13,100,11
100649,Ankara,Çankaya,Aktepe Mahallesi,0.1735,1,Very Low,0.9463,0.0436,0.005,0.004,0.0011,464.99,100,94
100650,Ankara,Çankaya,Tilkiköy Mahallesi,0.1679,1,Very Low,0.9781,0.0144,0.0035,0.0031,0.001,475.16,8825,590
100651,Ankara,Çankaya,Arkbürk Mahallesi,0.224,1,Low,0.5755,0.1716,0.1129,0.0628,0.0771,491.67,45398,3866
100652,Ankara,Çankaya,Eskiköy Mahallesi,0.2179,1,Low,0.8747,0.0524,0.0273,0.0228,0.0228,512.18,43788,3627
100653,Ankara,Çankaya,Çiftlikköy Mahallesi,0.1358,1,Very Low,0.9864,0.0079,0.0019,0.0034,0.0004,546.43,100,10
100654,Ankara,Çankaya,Kızılkaya Mahallesi,0.2242,1,Low,0.8289,0.0634,0.0425,0.055,0.0102,427.59,18034,1861
100655,Ankara,Çankaya,Akkaynak Mahallesi,0.197,1,Low,0.8327,0.1317,0.0167,0.013,0.006,501.8,18794,1538
100656,Ankara,Çankaya,Karahüyük Mahallesi,0.1896,1,Low,0.6997,0.1911,0.0769,0.0281,0.0043,477.81,100,10
100657,Ankara,Çankaya,Kılçak Mahallesi,0.2061,1,Low,0.9264,0.0513,0.0095,0.008,0.0049,434.49,14864,1029
100658,Ankara,Çankaya,Keklicek Mahallesi,0.2924,2,Medium,0.2487,0.6884,0.0372,0.0164,0.0093,452.34,18367,1506
100659,Ankara,Çankaya,Hacıköy Mahallesi,0.1984,1,Low,0.7765,0.1296,0.0404,0.0127,0.0408,483.13,16535,1667
100660,Ankara,Çankaya,Değirmenkaya Mahallesi,0.2337,1,Medium,0.8546,0.1135,0.017,0.0101,0.0049,435.64,18274,1362
100661,Ankara,Çankaya,Akçataş Mahallesi,0.2806,1,Medium,0.6989,0.166,0.0595,0.0653,0.0104,307.13,10495,843
100662,Ankara,Çankaya,Yılanlı Mahallesi,0.2204,1,Low,0.8732,0.0653,0.0282,0.0171,0.0161,448.41,38366,3058
100663,Ankara,Çankaya,Hasayaz Mahallesi,0.1753,1,Very Low,0.9545,0.0378,0.0026,0.0041,0.001,513.41,13540,1420
100664,Ankara,Çankaya,Yeniçöte Mahallesi,0.1357,1,Very Low,0.9738,0.016,0.0044,0.0053,0.0005,541.48,1029,217
100665,Ankara,Çankaya,Yeşilöz Mahallesi,0.1734,1,Very Low,0.8975,0.0468,0.041,0.0133,0.0014,472.58,4883,230
100666,Ankara,Çankaya,Tavşancık Mahallesi,0.2316,1,Medium,0.9024,0.0406,0.0232,0.0184,0.0154,404.9,27911,2563
100667,Ankara,Çankaya,Dağdemir Mahallesi,0.2025,1,Low,0.9106,0.064,0.0124,0.0089,0.0041,473.43,12508,1179
100668,Ankara,Çankaya,Çandır Mahallesi,0.2161,1,Low,0.9245,0.0318,0.0188,0.0096,0.0153,430.06,27735,2634
100669,Ankara,Çankaya,Çaykaya Mahallesi,0.1868,1,Low,0.9623,0.0242,0.0054,0.0046,0.0035,457.22,16320,1407
100670,Ankara,Çankaya,Yüzbey Mahallesi,0.214,1,Low,0.7422,0.1803,0.035,0.0255,0.017,444.38,30011,2395
100671,Ankara,Çankaya,Altıntaş Mahallesi,0.2351,1,Medium,0.8174,0.1384,0.0172,0.0189,0.0082,397.88,10013,1044
100672,Ankara,Çankaya,Beykavağı Mahallesi,0.2023,1,Low,0.9064,0.0553,0.0152,0.0095,0.0136,475.0,34247,2939
100673,Ankara,Çankaya,Şemsettin Mahallesi,0.17,1,Very Low,0.9557,0.0282,0.0064,0.0079,0.0017,447.36,100,133
100674,Ankara,Çankaya,Koyunbaba Mahallesi,0.1788,1,Very Low,0.9747,0.012,0.0037,0.0078,0.0018,488.31,20555,2042
100675,Ankara,Çankaya,Kuyucak Mahallesi,0.1901,1,Low,0.959,0.0332,0.0038,0.0025,0.0014,455.79,6575,583
100676,Ankara,Çankaya,Eşmedere Mahallesi,0.1725,1,Very Low,0.9849,0.0072,0.0032,0.0042,0.0005,408.86,3873,10
100677,Ankara,Çankaya,Ahmetadil Mahallesi,0.2049,1,Low,0.837,0.138,0.0128,0.0087,0.0035,470.02,17447,1426
100678,Ankara,Çankaya,Kozayağı Mahallesi,0.2175,1,Low,0.8821,0.0745,0.0159,0.0096,0.018,473.07,22142,1662
100679,Ankara,Çankaya,Karacakaya Mahallesi,0.2014,1,Low,0.8693,0.0866,0.0159,0.0168,0.0114,551.63,31440,2531
100680,Ankara,Çankaya,Haydar Mahallesi,0.1969,1,Low,0.9328,0.0438,0.0117,0.0084,0.0032,445.0,17950,1107
100681,Ankara,Çankaya,Elecik Mahallesi,0.1839,1,Low,0.9474,0.0399,0.0063,0.0053,0.001,443.34,1781,119
100682,Ankara,Çankaya,Çınar Mahallesi,0.1642,1,Very Low,0.9718,0.0204,0.0027,0.0045,0.0006,472.36,5652,685
100683,Ankara,Çankaya,Balıkhisar Mahallesi,0.1846,1,Low,0.9706,0.0171,0.0043,0.007,0.001,478.92,14242,1245
100684,Ankara,Çankaya,Güzelhisar Mahallesi,0.1614,1,Very Low,0.978,0.0154,0.003,0.0032,0.0004,464.76,7848,667
100685,Ankara,Çankaya,Saracalar Mahallesi,0.1918,1,Low,0.9222,0.0695,0.0045,0.0025,0.0014,478.76,10049,844
100686,Ankara,Çankaya,Peçenek Mahallesi,0.2692,1,Medium,0.8437,0.0719,0.0304,0.0316,0.0223,381.83,25677,1721
100687,Ankara,Çankaya,Altınova Mahallesi,0.2301,1,Medium,0.7719,0.1082,0.0385,0.0294,0.0521,446.47,38159,3578
100688,Ankara,Çankaya,Yıldırım Beyazıt Mahallesi,0.2107,1,Low,0.6757,0.2313,0.0669,0.0214,0.0048,433.73,12802,966
100689,Ankara,Çankaya,Yeni Karaköy Mahallesi,0.2149,1,Low,0.8803,0.0697,0.0204,0.0157,0.0139,518.92,35695,3082
100690,Ankara,Çankaya,Saray Osmangazi Mahallesi,0.1748,1,Very Low,0.9226,0.0526,0.0135,0.0094,0.0019,505.02,12334,1160
100691,Ankara,Çankaya,Saray Fatih Mahallesi,0.2643,1,Medium,0.6941,0.1612,0.0731,0.0336,0.0379,397.02,28804,2341
100692,Ankara,Çankaya,Saray Cumhuriyet Mahallesi,0.2218,1,Low,0.9085,0.0468,0.014,0.0095,0.0212,436.52,24482,2155
100693,Ankara,Çankaya,Saray Gümüşoluk Mahallesi,0.1722,1,Very Low,0.9577,0.026,0.0062,0.0089,0.0012,470.99,100,10
100694,Ankara,Çankaya,Kösrelikkızığı Mahallesi,0.228,1,Low,0.8598,0.0783,0.0301,0.0178,0.0139,409.86,22000,1787
100695,Ankara,Çankaya,Abadan Mahallesi,0.1614,1,Very Low,0.9779,0.012,0.0032,0.0056,0.0013,491.96,100,10
100765,Ankara,Çankaya,Karşıyaka Mahallesi,0.1627,1,Very Low,0.9398,0.0529,0.0029,0.0034,0.001,578.09,10044,945
100697,Ankara,Çankaya,Sirkeli Yeşilova Mahallesi,0.1735,1,Very Low,0.9751,0.0136,0.0024,0.0072,0.0016,513.21,19580,1762
100698,Ankara,Keçiören,Tekirler Mahallesi,0.2238,1,Low,0.5225,0.362,0.0943,0.0128,0.0084,412.21,11595,645
100699,Ankara,Keçiören,Nebioğlu Mahallesi,0.2035,1,Low,0.9498,0.0296,0.0079,0.0117,0.0011,397.33,100,10
100700,Ankara,Çankaya,Yuva Mahallesi,0.3627,2,High,0.0654,0.5292,0.2937,0.0788,0.033,403.69,14273,1094
100701,Ankara,Yenimahalle,Yusufuşağı Mahallesi,0.244,1,Medium,0.794,0.0955,0.0588,0.048,0.0038,293.3,2688,24
100702,Ankara,Yenimahalle,İnebeyli Mahallesi,0.1528,1,Very Low,0.9813,0.0143,0.0018,0.0022,0.0004,523.86,5307,380
100703,Ankara,Yenimahalle,Demirayak Mahallesi,0.1435,1,Very Low,0.9792,0.0146,0.0023,0.0035,0.0005,573.0,100,89
100704,Ankara,Yenimahalle,Altınbaşak Mahallesi,0.2828,1,Medium,0.6587,0.1535,0.0745,0.0741,0.0392,353.86,23113,2170
100705,Ankara,Çankaya,Sirkeli Yeşilyurt Mahallesi,0.1722,1,Very Low,0.8992,0.0796,0.0104,0.0089,0.0019,427.18,5292,221
100706,Ankara,Keçiören,Balcılar Mahallesi,0.1487,1,Very Low,0.987,0.0093,0.0018,0.0016,0.0003,485.37,3838,494
100707,Ankara,Çankaya,Pazar Başören Mahallesi,0.2368,1,Medium,0.6169,0.184,0.1196,0.0473,0.0321,419.74,23608,2012
100708,Ankara,Keçiören,Danişment Mahallesi,0.2242,1,Low,0.8129,0.0994,0.0382,0.0105,0.039,452.66,30117,2792
100763,Ankara,Keçiören,Yenice Mahallesi,0.1739,1,Very Low,0.9716,0.0158,0.0047,0.0042,0.0037,585.03,29479,2575
100710,Ankara,Keçiören,Uzunöz Mahallesi,0.2152,1,Low,0.887,0.0684,0.0196,0.0087,0.0163,447.17,24899,2236
100711,Ankara,Çankaya,Yıldırımyağlıca Mahallesi,0.1616,1,Very Low,0.9686,0.022,0.0037,0.0046,0.0011,492.29,100,10
100712,Ankara,Keçiören,Yıldırımdemirciler Mahallesi,0.1752,1,Very Low,0.9383,0.0408,0.0066,0.0127,0.0016,476.85,4734,593
100713,Ankara,Keçiören,Bayır Mahallesi,0.2096,1,Low,0.942,0.034,0.008,0.0067,0.0093,438.16,25021,2059
100714,Ankara,Çankaya,Çukurca Mahallesi,0.171,1,Very Low,0.9362,0.0535,0.0058,0.0032,0.0012,455.01,2282,103
100715,Ankara,Keçiören,Fasıl Mahallesi,0.226,2,Low,0.3812,0.3999,0.1535,0.0227,0.0427,446.74,25938,1899
100716,Ankara,Keçiören,Harmancık Mahallesi,0.2288,1,Low,0.6251,0.1195,0.1207,0.0511,0.0836,412.86,30244,2148
100717,Ankara,Yenimahalle,Kömürcü Mahallesi,0.2713,1,Medium,0.539,0.2861,0.1228,0.0402,0.0118,368.9,19070,1502
100718,Ankara,Yenimahalle,Yakupabdal Mahallesi,0.1999,1,Low,0.925,0.0499,0.0109,0.0049,0.0092,503.28,26862,1972
100719,Ankara,Çankaya,Eğerlibaşköy Mahallesi,0.1688,1,Very Low,0.9011,0.0623,0.0086,0.0269,0.0011,429.87,100,10
100720,Ankara,Keçiören,Aksak Mahallesi,0.1635,1,Very Low,0.9524,0.0298,0.0085,0.0078,0.0014,516.94,8753,648
100721,Ankara,Keçiören,Eğerlidereköy Mahallesi,0.1688,1,Very Low,0.9411,0.0368,0.0075,0.0138,0.0008,415.38,100,353
100722,Ankara,Yenimahalle,Yayla Mahallesi,0.3128,2,High,0.2515,0.6483,0.0556,0.0338,0.0108,410.95,19086,1712
100723,Ankara,Yenimahalle,Çavuşlu Mahallesi,0.1696,1,Very Low,0.9594,0.0337,0.0037,0.0025,0.0007,489.11,7222,441
100724,Ankara,Yenimahalle,Karahasanlı Mahallesi,0.1827,1,Low,0.9562,0.0304,0.0044,0.0082,0.0008,511.06,100,10
100725,Ankara,Yenimahalle,Akarlar Mahallesi,0.2736,1,Medium,0.737,0.1283,0.0613,0.0615,0.0119,329.42,16753,1512
100726,Ankara,Yenimahalle,Evciler Mahallesi,0.2371,1,Medium,0.7524,0.1689,0.0424,0.013,0.0233,410.39,13027,1279
100727,Ankara,Keçiören,Kayabükü Mahallesi,0.1715,1,Very Low,0.9738,0.0155,0.0047,0.0055,0.0006,427.09,4827,27
100728,Ankara,Çankaya,Avcıova Mahallesi,0.184,1,Low,0.9522,0.0366,0.0055,0.0042,0.0015,470.16,19121,1324
100729,Ankara,Keçiören,Yukarıulucak Mahallesi,0.1973,1,Low,0.9612,0.0245,0.0052,0.0077,0.0013,417.34,10390,1165
100730,Ankara,Çankaya,Yağcıhüseyin Mahallesi,0.1611,1,Very Low,0.9804,0.0118,0.0034,0.0036,0.0008,456.12,9266,728
100731,Ankara,Keçiören,Belpınar Mahallesi,0.1902,1,Low,0.8766,0.0817,0.0279,0.0115,0.0023,433.49,10709,948
100732,Ankara,Keçiören,Salın Mahallesi,0.1612,1,Very Low,0.9243,0.044,0.0204,0.0099,0.0014,492.41,100,10
100733,Ankara,Keçiören,Beşkonak Mahallesi,0.1679,1,Very Low,0.9367,0.0477,0.0082,0.0058,0.0016,452.46,5258,391
100734,Ankara,Keçiören,Eğerlikozören Mahallesi,0.1643,1,Very Low,0.984,0.0103,0.0016,0.0033,0.0008,527.5,13022,1208
100735,Ankara,Keçiören,Eğerlialören Mahallesi,0.2186,1,Low,0.909,0.055,0.0118,0.0229,0.0014,376.44,100,143
100736,Ankara,Keçiören,Yukarıçanlı Mahallesi,0.1762,1,Very Low,0.9427,0.0461,0.0057,0.004,0.0015,454.57,1521,66
100737,Ankara,Keçiören,Yukarıkese Mahallesi,0.203,1,Low,0.9428,0.0331,0.0086,0.0135,0.0021,428.02,18718,1341
100738,Ankara,Bilinmeyen İlçe,Kasımlar Mahallesi,0.2141,1,Low,0.8971,0.0542,0.0291,0.0178,0.0017,389.13,5019,446
100739,Ankara,Keçiören,Hıdırlar Mahallesi,0.2232,1,Low,0.7108,0.1465,0.0612,0.0693,0.0122,436.47,14428,1565
100740,Ankara,Keçiören,İğceler Mahallesi,0.2374,1,Medium,0.7347,0.1296,0.0362,0.0282,0.0714,426.65,22399,1940
100741,Ankara,Keçiören,Süleler Mahallesi,0.2236,1,Low,0.8573,0.0798,0.0315,0.0161,0.0152,464.72,30157,2587
100742,Ankara,Keçiören,Berçinçatak Mahallesi,0.2691,1,Medium,0.7407,0.1411,0.0574,0.0503,0.0105,328.64,13461,1317
100743,Ankara,Keçiören,Üyücek Mahallesi,0.2082,1,Low,0.8093,0.0572,0.0277,0.0651,0.0408,419.65,20995,1675
100744,Ankara,Keçiören,Gebeler Mahallesi,0.1423,1,Very Low,0.9712,0.019,0.006,0.0034,0.0005,585.9,5404,379
100745,Ankara,Keçiören,Berçinyayalar Mahallesi,0.1547,1,Very Low,0.9764,0.0181,0.0026,0.0024,0.0005,459.37,6130,611
100746,Ankara,Keçiören,Şahinler,0.1946,1,Low,0.972,0.0165,0.0042,0.0056,0.0017,486.66,19353,1707
100747,Ankara,Keçiören,Avdan Mahallesi,0.1631,1,Very Low,0.9656,0.0239,0.0051,0.0048,0.0006,452.1,100,10
100748,Ankara,Keçiören,Gökbel Mahallesi,0.1886,1,Low,0.9536,0.032,0.0069,0.0059,0.0017,445.92,18552,1327
100749,Ankara,Bilinmeyen İlçe,Dereneci Mahallesi,0.1807,1,Low,0.8499,0.0896,0.0471,0.0111,0.0023,468.02,2082,10
100750,Ankara,Keçiören,Kavaközü Mahallesi,0.1859,1,Low,0.9416,0.0437,0.0054,0.0034,0.0059,539.63,22729,1956
100751,Ankara,Keçiören,Karaağaç Mahallesi,0.1558,1,Very Low,0.9756,0.0175,0.0032,0.0032,0.0005,457.27,100,217
100752,Ankara,Keçiören,Bulak Mahallesi,0.1793,1,Very Low,0.8763,0.106,0.0086,0.0078,0.0013,408.39,100,323
100753,Ankara,Keçiören,Ayvacık Mahallesi,0.2584,1,Medium,0.8389,0.0951,0.0201,0.0256,0.0203,400.41,22804,1945
100754,Ankara,Keçiören,Güvem Mahallesi,0.1653,1,Very Low,0.9703,0.0186,0.0034,0.0063,0.0015,550.91,20446,1656
100755,Ankara,Keçiören,Semeler Mahallesi,0.2534,1,Medium,0.9183,0.0253,0.0149,0.0312,0.0103,392.95,33409,2603
100756,Ankara,Keçiören,Saray Mahallesi,0.2149,1,Low,0.9091,0.0616,0.0135,0.0127,0.0031,455.52,21559,1622
100757,Ankara,Keçiören,Çukurören Mahallesi,0.1636,1,Very Low,0.9678,0.0191,0.0055,0.0071,0.0006,418.17,2470,144
100758,Ankara,Keçiören,Oğlakçı Mahallesi,0.28,1,Medium,0.4901,0.2388,0.2027,0.0409,0.0275,389.25,22214,1859
100759,Ankara,Keçiören,Yanık Özbekler Mahallesi,0.1532,1,Very Low,0.9673,0.0208,0.0039,0.0071,0.001,504.42,100,10
100760,Ankara,Keçiören,Kızılcaören Mahallesi,0.1823,1,Low,0.9513,0.0343,0.0058,0.0079,0.0007,404.15,7983,690
100761,Ankara,Keçiören,Ciğirler Mahallesi,0.2455,1,Medium,0.7022,0.1847,0.0495,0.0601,0.0036,359.47,4299,211
100762,Ankara,Keçiören,Gazi Mustafa Kemalpaşa Mahallesi,0.1868,1,Low,0.9709,0.0162,0.0037,0.0082,0.0011,427.67,14228,1115
100763,Ankara,Keçiören,Yenice Mahallesi,0.1739,1,Very Low,0.9716,0.0158,0.0047,0.0042,0.0037,585.03,29479,2575
100764,Ankara,Keçiören,Akçay Mahallesi,0.1594,1,Very Low,0.9907,0.0057,0.0012,0.0018,0.0006,495.3,9898,1144
100765,Ankara,Keçiören,Karşıyaka Mahallesi,0.1627,1,Very Low,0.9398,0.0529,0.0029,0.0034,0.001,578.09,10044,945
100766,Ankara,Keçiören,Karacaören Mahallesi,0.2058,1,Low,0.9475,0.0349,0.0073,0.0078,0.0025,437.46,20587,1394
100767,Ankara,Keçiören,Sazak Mahallesi,0.2047,1,Low,0.8371,0.1111,0.012,0.0384,0.0015,381.99,100,10
100768,Ankara,Mamak,Oltan Mahallesi,0.1561,1,Very Low,0.9821,0.0111,0.0029,0.0034,0.0005,456.51,100,10
100769,Ankara,Mamak,Yeni Mahallesi,0.3001,2,High,0.2484,0.3738,0.1907,0.1508,0.0363,304.07,15115,1239
100770,Ankara,Mamak,Seyran Mahallesi,0.1874,1,Low,0.9037,0.0706,0.0137,0.0078,0.0042,494.08,18696,1955
100771,Ankara,Mamak,Kayabaşı Mahallesi,0.1687,1,Very Low,0.9637,0.0293,0.003,0.0031,0.0009,519.84,396,10
100772,Ankara,Mamak,Medrese Mahallesi,0.1404,1,Very Low,0.9876,0.0093,0.0014,0.0014,0.0004,520.77,3862,350
100773,Ankara,Mamak,Çaldağ Mahallesi,0.286,1,Medium,0.4675,0.195,0.1445,0.1044,0.0887,329.29,28700,2351
100774,Ankara,Mamak,Kargalı Mahallesi,0.185,1,Low,0.9605,0.026,0.0056,0.0052,0.0027,475.13,15132,873
100775,Ankara,Polatlı,Eski Polatlı Mahallesi,0.1944,1,Low,0.92,0.0563,0.0082,0.0122,0.0033,455.65,21429,2068
100776,Ankara,Mamak,Gündoğan Mahallesi,0.1733,1,Very Low,0.9547,0.0344,0.0051,0.0048,0.001,438.64,834,76
100777,Ankara,Mamak,Türkkarsak Mahallesi,0.1649,1,Very Low,0.8999,0.0506,0.0373,0.0109,0.0014,458.12,100,226
100778,Ankara,Keçiören,Cumhuriyet Mahallesi,0.2857,1,Medium,0.7765,0.0998,0.0561,0.0559,0.0117,311.42,12748,1008
100779,Ankara,Keçiören,Çakırlar Mahallesi,0.2119,1,Low,0.9492,0.023,0.0099,0.0103,0.0076,421.98,21751,1819
100780,Ankara,Bilinmeyen İlçe,Ahi Evran OSB Mahallesi,0.2618,1,Medium,0.8155,0.1084,0.0291,0.0283,0.0187,398.16,22327,1884
100781,Ankara,Yenimahalle,Yaylabağ Mahallesi,0.2239,1,Low,0.9121,0.0573,0.0138,0.0143,0.0025,393.68,10574,624
100782,Ankara,Yenimahalle,Eymir Mahallesi,0.1766,1,Very Low,0.9828,0.0115,0.0019,0.003,0.0009,508.33,19511,1491
100783,Ankara,Yenimahalle,Örencik Mahallesi,0.1868,1,Low,0.9749,0.0184,0.0022,0.0034,0.0011,490.61,18879,1583
100784,Ankara,Yenimahalle,Yurtbeyi Mahallesi,0.171,1,Very Low,0.9596,0.0294,0.0054,0.0048,0.0007,474.51,1210,56
100785,Ankara,Yenimahalle,Seğmenler Mahallesi,0.1713,1,Very Low,0.9429,0.0411,0.0065,0.0087,0.0008,434.09,100,28
